BR,run,Weeks,Cc,Cm,Ac
0,1,1,20,20,NA
0,1,2,20,20,NA
0,1,3,25,21,NA
0,1,4,142,118,NA
0,1,5,145,175,NA
0,1,6,104,219,NA
0,1,7,136,108,NA
0,1,8,127,178,NA
0,1,9,31,295,0
0,1,10,23,275,10
0,1,11,23,146,69
0,1,12,6,113,60
0,1,13,8,5,286
0,1,14,0,36,221
0,1,15,NA,77,247
0,1,16,NA,118,127
0,1,17,NA,140,26
0,1,18,NA,159,8
0,1,19,NA,220,46
0,1,20,NA,215,40
0,1,21,NA,234,41
0,1,22,NA,182,73
0,1,23,NA,170,75
0,1,24,NA,126,95
0,1,25,NA,164,146
0,1,26,NA,105,95
0,1,27,NA,133,177
0,1,28,NA,110,116
0,1,29,NA,105,198
0,1,30,NA,74,226
0,1,31,NA,92,258
0,1,32,NA,138,159
0,1,33,NA,165,126
0,1,34,NA,151,105
0,1,35,NA,150,164
0,1,36,NA,134,132
0,1,37,NA,121,150
0,1,38,NA,119,158
0,1,39,NA,116,171
0,1,40,NA,120,140
0,1,41,NA,138,154
0,1,42,NA,110,142
0,1,43,NA,145,132
0,1,44,NA,88,167
0,1,45,NA,139,172
0,1,46,NA,114,148
0,1,47,NA,136,162
0,1,48,NA,104,135
0,1,49,NA,118,222
0,1,50,NA,112,151
0,1,51,NA,120,192
0,1,52,NA,59,156
0,1,53,NA,133,256
0,1,54,NA,38,140
0,1,55,NA,129,165
0,1,56,NA,109,145
0,1,57,NA,NA,NA
0,1,58,NA,NA,NA
0,1,59,NA,NA,NA
0,1,60,NA,NA,NA
0,1,61,NA,NA,NA
0,1,62,NA,NA,NA
0,1,63,NA,NA,NA
0,1,64,NA,NA,NA
0,1,65,NA,NA,NA
0,1,66,NA,NA,NA
0,1,67,NA,NA,NA
0,1,68,NA,NA,NA
0,1,69,NA,NA,NA
0,1,70,NA,NA,NA
0,1,71,NA,NA,NA
0,1,72,NA,NA,NA
0,1,73,NA,NA,NA
0,1,74,NA,NA,NA
0,1,75,NA,NA,NA
0,1,76,NA,NA,NA
0,1,77,NA,NA,NA
0,1,78,NA,NA,NA
0,1,79,NA,NA,NA
0,1,80,NA,NA,NA
0,1,81,NA,NA,NA
0,1,82,NA,NA,NA
0,1,83,NA,NA,NA
0,1,84,NA,NA,NA
0,1,85,NA,NA,NA
0,1,86,NA,NA,NA
0,1,87,NA,NA,NA
0,1,88,NA,NA,NA
0,1,89,NA,NA,NA
0,1,90,NA,NA,NA
0,1,91,NA,NA,NA
0,1,92,NA,NA,NA
0,1,93,NA,NA,NA
0,1,94,NA,NA,NA
0,1,95,NA,NA,NA
0,1,96,NA,NA,NA
0,1,97,NA,NA,NA
0,1,98,NA,NA,NA
0,1,99,NA,NA,NA
0,1,100,NA,NA,NA
0,1,101,NA,NA,NA
0,2,1,20,20,NA
0,2,2,20,20,NA
0,2,3,24,16,NA
0,2,4,145,137,NA
0,2,5,157,148,NA
0,2,6,171,142,NA
0,2,7,171,151,NA
0,2,8,147,202,NA
0,2,9,68,206,0
0,2,10,54,189,12
0,2,11,28,83,87
0,2,12,21,102,107
0,2,13,6,70,101
0,2,14,4,93,172
0,2,15,7,119,68
0,2,16,1,140,138
0,2,17,2,170,85
0,2,18,0,204,80
0,2,19,NA,165,99
0,2,20,NA,151,90
0,2,21,NA,119,106
0,2,22,NA,126,128
0,2,23,NA,94,106
0,2,24,NA,130,174
0,2,25,NA,125,114
0,2,26,NA,144,192
0,2,27,NA,132,195
0,2,28,NA,112,102
0,2,29,NA,131,130
0,2,30,NA,112,122
0,2,31,NA,191,141
0,2,32,NA,141,123
0,2,33,NA,230,63
0,2,34,NA,171,81
0,2,35,NA,221,53
0,2,36,NA,156,106
0,2,37,NA,197,68
0,2,38,NA,161,115
0,2,39,NA,144,126
0,2,40,NA,120,118
0,2,41,NA,95,158
0,2,42,NA,71,198
0,2,43,NA,100,108
0,2,44,NA,101,143
0,2,45,NA,144,153
0,2,46,NA,149,81
0,2,47,NA,154,109
0,2,48,NA,188,83
0,2,49,NA,159,98
0,2,50,NA,153,82
0,2,51,NA,135,206
0,2,52,NA,88,175
0,2,53,NA,168,173
0,2,54,NA,43,85
0,2,55,NA,122,42
0,2,56,NA,115,190
0,2,57,NA,NA,NA
0,2,58,NA,NA,NA
0,2,59,NA,NA,NA
0,2,60,NA,NA,NA
0,2,61,NA,NA,NA
0,2,62,NA,NA,NA
0,2,63,NA,NA,NA
0,2,64,NA,NA,NA
0,2,65,NA,NA,NA
0,2,66,NA,NA,NA
0,2,67,NA,NA,NA
0,2,68,NA,NA,NA
0,2,69,NA,NA,NA
0,2,70,NA,NA,NA
0,2,71,NA,NA,NA
0,2,72,NA,NA,NA
0,2,73,NA,NA,NA
0,2,74,NA,NA,NA
0,2,75,NA,NA,NA
0,2,76,NA,NA,NA
0,2,77,NA,NA,NA
0,2,78,NA,NA,NA
0,2,79,NA,NA,NA
0,2,80,NA,NA,NA
0,2,81,NA,NA,NA
0,2,82,NA,NA,NA
0,2,83,NA,NA,NA
0,2,84,NA,NA,NA
0,2,85,NA,NA,NA
0,2,86,NA,NA,NA
0,2,87,NA,NA,NA
0,2,88,NA,NA,NA
0,2,89,NA,NA,NA
0,2,90,NA,NA,NA
0,2,91,NA,NA,NA
0,2,92,NA,NA,NA
0,2,93,NA,NA,NA
0,2,94,NA,NA,NA
0,2,95,NA,NA,NA
0,2,96,NA,NA,NA
0,2,97,NA,NA,NA
0,2,98,NA,NA,NA
0,2,99,NA,NA,NA
0,2,100,NA,NA,NA
0,2,101,NA,NA,NA
0,3,1,20,20,NA
0,3,2,20,20,NA
0,3,3,23,20,NA
0,3,4,129,140,NA
0,3,5,135,178,NA
0,3,6,137,181,NA
0,3,7,76,184,NA
0,3,8,79,284,NA
0,3,9,37,234,0
0,3,10,51,245,11
0,3,11,14,239,26
0,3,12,1,170,44
0,3,13,0,149,115
0,3,14,NA,79,137
0,3,15,NA,94,164
0,3,16,NA,95,201
0,3,17,NA,94,176
0,3,18,NA,119,175
0,3,19,NA,128,83
0,3,20,NA,147,128
0,3,21,NA,153,70
0,3,22,NA,128,85
0,3,23,NA,138,111
0,3,24,NA,127,136
0,3,25,NA,141,185
0,3,26,NA,117,142
0,3,27,NA,153,165
0,3,28,NA,121,110
0,3,29,NA,101,149
0,3,30,NA,107,236
0,3,31,NA,157,206
0,3,32,NA,155,176
0,3,33,NA,128,163
0,3,34,NA,142,135
0,3,35,NA,123,186
0,3,36,NA,168,131
0,3,37,NA,131,150
0,3,38,NA,139,136
0,3,39,NA,140,173
0,3,40,NA,87,147
0,3,41,NA,97,230
0,3,42,NA,93,162
0,3,43,NA,120,179
0,3,44,NA,130,142
0,3,45,NA,145,141
0,3,46,NA,140,136
0,3,47,NA,143,141
0,3,48,NA,131,152
0,3,49,NA,126,162
0,3,50,NA,110,186
0,3,51,NA,125,250
0,3,52,NA,93,119
0,3,53,NA,147,298
0,3,54,NA,36,92
0,3,55,NA,81,184
0,3,56,NA,71,242
0,3,57,NA,NA,NA
0,3,58,NA,NA,NA
0,3,59,NA,NA,NA
0,3,60,NA,NA,NA
0,3,61,NA,NA,NA
0,3,62,NA,NA,NA
0,3,63,NA,NA,NA
0,3,64,NA,NA,NA
0,3,65,NA,NA,NA
0,3,66,NA,NA,NA
0,3,67,NA,NA,NA
0,3,68,NA,NA,NA
0,3,69,NA,NA,NA
0,3,70,NA,NA,NA
0,3,71,NA,NA,NA
0,3,72,NA,NA,NA
0,3,73,NA,NA,NA
0,3,74,NA,NA,NA
0,3,75,NA,NA,NA
0,3,76,NA,NA,NA
0,3,77,NA,NA,NA
0,3,78,NA,NA,NA
0,3,79,NA,NA,NA
0,3,80,NA,NA,NA
0,3,81,NA,NA,NA
0,3,82,NA,NA,NA
0,3,83,NA,NA,NA
0,3,84,NA,NA,NA
0,3,85,NA,NA,NA
0,3,86,NA,NA,NA
0,3,87,NA,NA,NA
0,3,88,NA,NA,NA
0,3,89,NA,NA,NA
0,3,90,NA,NA,NA
0,3,91,NA,NA,NA
0,3,92,NA,NA,NA
0,3,93,NA,NA,NA
0,3,94,NA,NA,NA
0,3,95,NA,NA,NA
0,3,96,NA,NA,NA
0,3,97,NA,NA,NA
0,3,98,NA,NA,NA
0,3,99,NA,NA,NA
0,3,100,NA,NA,NA
0,3,101,NA,NA,NA
0,4,1,19,19,NA
0,4,2,20,20,NA
0,4,3,29,19,NA
0,4,4,130,118,NA
0,4,5,74,189,NA
0,4,6,93,150,NA
0,4,7,83,108,NA
0,4,8,12,51,NA
0,4,9,2,329,0
0,4,10,8,173,10
0,4,11,14,170,35
0,4,12,0,180,17
0,4,13,NA,143,16
0,4,14,NA,155,24
0,4,15,NA,120,19
0,4,16,NA,131,13
0,4,17,NA,169,49
0,4,18,NA,158,36
0,4,19,NA,NA,NA
0,4,20,NA,NA,NA
0,4,21,NA,NA,NA
0,4,22,NA,NA,NA
0,4,23,NA,NA,NA
0,4,24,NA,NA,NA
0,4,25,NA,NA,NA
0,4,26,NA,NA,NA
0,4,27,NA,NA,NA
0,4,28,NA,NA,NA
0,4,29,NA,NA,NA
0,4,30,NA,NA,NA
0,4,31,NA,NA,NA
0,4,32,NA,NA,NA
0,4,33,NA,NA,NA
0,4,34,NA,NA,NA
0,4,35,NA,NA,NA
0,4,36,NA,NA,NA
0,4,37,NA,NA,NA
0,4,38,NA,NA,NA
0,4,39,NA,NA,NA
0,4,40,NA,NA,NA
0,4,41,NA,NA,NA
0,4,42,NA,NA,NA
0,4,43,NA,NA,NA
0,4,44,NA,NA,NA
0,4,45,NA,NA,NA
0,4,46,NA,NA,NA
0,4,47,NA,NA,NA
0,4,48,NA,NA,NA
0,4,49,NA,NA,NA
0,4,50,NA,NA,NA
0,4,51,NA,NA,NA
0,4,52,NA,NA,NA
0,4,53,NA,NA,NA
0,4,54,NA,NA,NA
0,4,55,NA,NA,NA
0,4,56,NA,NA,NA
0,4,57,NA,NA,NA
0,4,58,NA,NA,NA
0,4,59,NA,NA,NA
0,4,60,NA,NA,NA
0,4,61,NA,NA,NA
0,4,62,NA,NA,NA
0,4,63,NA,NA,NA
0,4,64,NA,NA,NA
0,4,65,NA,NA,NA
0,4,66,NA,NA,NA
0,4,67,NA,NA,NA
0,4,68,NA,NA,NA
0,4,69,NA,NA,NA
0,4,70,NA,NA,NA
0,4,71,NA,NA,NA
0,4,72,NA,NA,NA
0,4,73,NA,NA,NA
0,4,74,NA,NA,NA
0,4,75,NA,NA,NA
0,4,76,NA,NA,NA
0,4,77,NA,NA,NA
0,4,78,NA,NA,NA
0,4,79,NA,NA,NA
0,4,80,NA,NA,NA
0,4,81,NA,NA,NA
0,4,82,NA,NA,NA
0,4,83,NA,NA,NA
0,4,84,NA,NA,NA
0,4,85,NA,NA,NA
0,4,86,NA,NA,NA
0,4,87,NA,NA,NA
0,4,88,NA,NA,NA
0,4,89,NA,NA,NA
0,4,90,NA,NA,NA
0,4,91,NA,NA,NA
0,4,92,NA,NA,NA
0,4,93,NA,NA,NA
0,4,94,NA,NA,NA
0,4,95,NA,NA,NA
0,4,96,NA,NA,NA
0,4,97,NA,NA,NA
0,4,98,NA,NA,NA
0,4,99,NA,NA,NA
0,4,100,NA,NA,NA
0,4,101,NA,NA,NA
0,5,1,20,19,NA
0,5,2,20,21,NA
0,5,3,23,22,NA
0,5,4,94,143,NA
0,5,5,91,179,0
0,5,6,73,153,9
0,5,7,127,58,48
0,5,8,9,85,74
0,5,9,6,24,130
0,5,10,3,47,140
0,5,11,3,33,112
0,5,12,15,61,22
0,5,13,2,78,130
0,5,14,0,93,107
0,5,15,8,61,172
0,5,16,4,71,118
0,5,17,0,51,139
0,5,18,2,41,203
0,5,19,5,53,140
0,5,20,0,55,142
0,5,21,NA,68,170
0,5,22,NA,78,135
0,5,23,NA,84,87
0,5,24,NA,NA,NA
0,5,25,NA,NA,NA
0,5,26,NA,NA,NA
0,5,27,NA,NA,NA
0,5,28,NA,NA,NA
0,5,29,NA,NA,NA
0,5,30,NA,NA,NA
0,5,31,NA,NA,NA
0,5,32,NA,NA,NA
0,5,33,NA,NA,NA
0,5,34,NA,NA,NA
0,5,35,NA,NA,NA
0,5,36,NA,NA,NA
0,5,37,NA,NA,NA
0,5,38,NA,NA,NA
0,5,39,NA,NA,NA
0,5,40,NA,NA,NA
0,5,41,NA,NA,NA
0,5,42,NA,NA,NA
0,5,43,NA,NA,NA
0,5,44,NA,NA,NA
0,5,45,NA,NA,NA
0,5,46,NA,NA,NA
0,5,47,NA,NA,NA
0,5,48,NA,NA,NA
0,5,49,NA,NA,NA
0,5,50,NA,NA,NA
0,5,51,NA,NA,NA
0,5,52,NA,NA,NA
0,5,53,NA,NA,NA
0,5,54,NA,NA,NA
0,5,55,NA,NA,NA
0,5,56,NA,NA,NA
0,5,57,NA,NA,NA
0,5,58,NA,NA,NA
0,5,59,NA,NA,NA
0,5,60,NA,NA,NA
0,5,61,NA,NA,NA
0,5,62,NA,NA,NA
0,5,63,NA,NA,NA
0,5,64,NA,NA,NA
0,5,65,NA,NA,NA
0,5,66,NA,NA,NA
0,5,67,NA,NA,NA
0,5,68,NA,NA,NA
0,5,69,NA,NA,NA
0,5,70,NA,NA,NA
0,5,71,NA,NA,NA
0,5,72,NA,NA,NA
0,5,73,NA,NA,NA
0,5,74,NA,NA,NA
0,5,75,NA,NA,NA
0,5,76,NA,NA,NA
0,5,77,NA,NA,NA
0,5,78,NA,NA,NA
0,5,79,NA,NA,NA
0,5,80,NA,NA,NA
0,5,81,NA,NA,NA
0,5,82,NA,NA,NA
0,5,83,NA,NA,NA
0,5,84,NA,NA,NA
0,5,85,NA,NA,NA
0,5,86,NA,NA,NA
0,5,87,NA,NA,NA
0,5,88,NA,NA,NA
0,5,89,NA,NA,NA
0,5,90,NA,NA,NA
0,5,91,NA,NA,NA
0,5,92,NA,NA,NA
0,5,93,NA,NA,NA
0,5,94,NA,NA,NA
0,5,95,NA,NA,NA
0,5,96,NA,NA,NA
0,5,97,NA,NA,NA
0,5,98,NA,NA,NA
0,5,99,NA,NA,NA
0,5,100,NA,NA,NA
0,5,101,NA,NA,NA
0,6,1,20,20,NA
0,6,2,20,20,NA
0,6,3,23,20,NA
0,6,4,95,148,NA
0,6,5,106,154,0
0,6,6,51,132,0
0,6,7,118,67,75
0,6,8,6,101,95
0,6,9,8,16,106
0,6,10,3,51,154
0,6,11,6,23,120
0,6,12,2,44,175
0,6,13,0,44,192
0,6,14,0,51,161
0,6,15,3,53,116
0,6,16,0,83,85
0,6,17,NA,103,63
0,6,18,NA,82,79
0,6,19,NA,72,81
0,6,20,NA,NA,NA
0,6,21,NA,NA,NA
0,6,22,NA,NA,NA
0,6,23,NA,NA,NA
0,6,24,NA,NA,NA
0,6,25,NA,NA,NA
0,6,26,NA,NA,NA
0,6,27,NA,NA,NA
0,6,28,NA,NA,NA
0,6,29,NA,NA,NA
0,6,30,NA,NA,NA
0,6,31,NA,NA,NA
0,6,32,NA,NA,NA
0,6,33,NA,NA,NA
0,6,34,NA,NA,NA
0,6,35,NA,NA,NA
0,6,36,NA,NA,NA
0,6,37,NA,NA,NA
0,6,38,NA,NA,NA
0,6,39,NA,NA,NA
0,6,40,NA,NA,NA
0,6,41,NA,NA,NA
0,6,42,NA,NA,NA
0,6,43,NA,NA,NA
0,6,44,NA,NA,NA
0,6,45,NA,NA,NA
0,6,46,NA,NA,NA
0,6,47,NA,NA,NA
0,6,48,NA,NA,NA
0,6,49,NA,NA,NA
0,6,50,NA,NA,NA
0,6,51,NA,NA,NA
0,6,52,NA,NA,NA
0,6,53,NA,NA,NA
0,6,54,NA,NA,NA
0,6,55,NA,NA,NA
0,6,56,NA,NA,NA
0,6,57,NA,NA,NA
0,6,58,NA,NA,NA
0,6,59,NA,NA,NA
0,6,60,NA,NA,NA
0,6,61,NA,NA,NA
0,6,62,NA,NA,NA
0,6,63,NA,NA,NA
0,6,64,NA,NA,NA
0,6,65,NA,NA,NA
0,6,66,NA,NA,NA
0,6,67,NA,NA,NA
0,6,68,NA,NA,NA
0,6,69,NA,NA,NA
0,6,70,NA,NA,NA
0,6,71,NA,NA,NA
0,6,72,NA,NA,NA
0,6,73,NA,NA,NA
0,6,74,NA,NA,NA
0,6,75,NA,NA,NA
0,6,76,NA,NA,NA
0,6,77,NA,NA,NA
0,6,78,NA,NA,NA
0,6,79,NA,NA,NA
0,6,80,NA,NA,NA
0,6,81,NA,NA,NA
0,6,82,NA,NA,NA
0,6,83,NA,NA,NA
0,6,84,NA,NA,NA
0,6,85,NA,NA,NA
0,6,86,NA,NA,NA
0,6,87,NA,NA,NA
0,6,88,NA,NA,NA
0,6,89,NA,NA,NA
0,6,90,NA,NA,NA
0,6,91,NA,NA,NA
0,6,92,NA,NA,NA
0,6,93,NA,NA,NA
0,6,94,NA,NA,NA
0,6,95,NA,NA,NA
0,6,96,NA,NA,NA
0,6,97,NA,NA,NA
0,6,98,NA,NA,NA
0,6,99,NA,NA,NA
0,6,100,NA,NA,NA
0,6,101,NA,NA,NA
0,7,1,20,20,NA
0,7,2,20,19,NA
0,7,3,49,21,NA
0,7,4,117,107,NA
0,7,5,112,125,0
0,7,6,47,152,11
0,7,7,143,36,28
0,7,8,24,107,63
0,7,9,6,60,96
0,7,10,1,37,165
0,7,11,30,28,128
0,7,12,5,35,NA
0,7,13,0,29,NA
0,7,14,3,30,136
0,7,15,10,38,179
0,7,16,3,43,49
0,7,17,0,46,60
0,7,18,32,50,13
0,7,19,4,90,30
0,7,20,0,98,139
0,7,21,13,75,119
0,7,22,14,39,182
0,7,23,0,54,116
0,7,24,0,37,172
0,7,25,15,69,130
0,7,26,2,66,102
0,7,27,0,86,51
0,7,28,1,117,63
0,7,29,0,98,79
0,7,30,NA,145,90
0,7,31,NA,124,9
0,7,32,NA,153,72
0,7,33,NA,NA,NA
0,7,34,NA,NA,NA
0,7,35,NA,NA,NA
0,7,36,NA,NA,NA
0,7,37,NA,NA,NA
0,7,38,NA,NA,NA
0,7,39,NA,NA,NA
0,7,40,NA,NA,NA
0,7,41,NA,NA,NA
0,7,42,NA,NA,NA
0,7,43,NA,NA,NA
0,7,44,NA,NA,NA
0,7,45,NA,NA,NA
0,7,46,NA,NA,NA
0,7,47,NA,NA,NA
0,7,48,NA,NA,NA
0,7,49,NA,NA,NA
0,7,50,NA,NA,NA
0,7,51,NA,NA,NA
0,7,52,NA,NA,NA
0,7,53,NA,NA,NA
0,7,54,NA,NA,NA
0,7,55,NA,NA,NA
0,7,56,NA,NA,NA
0,7,57,NA,NA,NA
0,7,58,NA,NA,NA
0,7,59,NA,NA,NA
0,7,60,NA,NA,NA
0,7,61,NA,NA,NA
0,7,62,NA,NA,NA
0,7,63,NA,NA,NA
0,7,64,NA,NA,NA
0,7,65,NA,NA,NA
0,7,66,NA,NA,NA
0,7,67,NA,NA,NA
0,7,68,NA,NA,NA
0,7,69,NA,NA,NA
0,7,70,NA,NA,NA
0,7,71,NA,NA,NA
0,7,72,NA,NA,NA
0,7,73,NA,NA,NA
0,7,74,NA,NA,NA
0,7,75,NA,NA,NA
0,7,76,NA,NA,NA
0,7,77,NA,NA,NA
0,7,78,NA,NA,NA
0,7,79,NA,NA,NA
0,7,80,NA,NA,NA
0,7,81,NA,NA,NA
0,7,82,NA,NA,NA
0,7,83,NA,NA,NA
0,7,84,NA,NA,NA
0,7,85,NA,NA,NA
0,7,86,NA,NA,NA
0,7,87,NA,NA,NA
0,7,88,NA,NA,NA
0,7,89,NA,NA,NA
0,7,90,NA,NA,NA
0,7,91,NA,NA,NA
0,7,92,NA,NA,NA
0,7,93,NA,NA,NA
0,7,94,NA,NA,NA
0,7,95,NA,NA,NA
0,7,96,NA,NA,NA
0,7,97,NA,NA,NA
0,7,98,NA,NA,NA
0,7,99,NA,NA,NA
0,7,100,NA,NA,NA
0,7,101,NA,NA,NA
0.2,8,1,20,20,NA
0.2,8,2,21,18,NA
0.2,8,3,33,21,NA
0.2,8,4,183,89,NA
0.2,8,5,156,132,NA
0.2,8,6,118,173,NA
0.2,8,7,353,31,NA
0.2,8,8,226,54,NA
0.2,8,9,101,146,0
0.2,8,10,88,165,12
0.2,8,11,193,24,98
0.2,8,12,83,33,72
0.2,8,13,14,65,142
0.2,8,14,26,66,178
0.2,8,15,43,8,139
0.2,8,16,25,24,194
0.2,8,17,13,51,138
0.2,8,18,50,42,131
0.2,8,19,41,41,79
0.2,8,20,6,100,89
0.2,8,21,23,78,81
0.2,8,22,36,24,103
0.2,8,23,14,95,124
0.2,8,24,1,109,100
0.2,8,25,10,116,164
0.2,8,26,28,72,29
0.2,8,27,1,125,86
0.2,8,28,0,110,170
0.2,8,29,0,60,176
0.2,8,30,5,70,198
0.2,8,31,0,98,179
0.2,8,32,NA,117,176
0.2,8,33,NA,112,63
0.2,8,34,NA,109,105
0.2,8,35,NA,121,133
0.2,8,36,NA,84,182
0.2,8,37,NA,116,103
0.2,8,38,NA,96,128
0.2,8,39,NA,114,148
0.2,8,40,NA,93,128
0.2,8,41,NA,78,169
0.2,8,42,NA,105,123
0.2,8,43,NA,96,130
0.2,8,44,NA,106,137
0.2,8,45,NA,145,91
0.2,8,46,NA,115,120
0.2,8,47,NA,117,125
0.2,8,48,NA,111,133
0.2,8,49,NA,127,121
0.2,8,50,NA,101,134
0.2,8,51,NA,108,116
0.2,8,52,NA,73,215
0.2,8,53,NA,78,131
0.2,8,54,NA,57,210
0.2,8,55,NA,79,107
0.2,8,56,NA,84,140
0.2,8,57,NA,NA,NA
0.2,8,58,NA,NA,NA
0.2,8,59,NA,NA,NA
0.2,8,60,NA,NA,NA
0.2,8,61,NA,NA,NA
0.2,8,62,NA,NA,NA
0.2,8,63,NA,NA,NA
0.2,8,64,NA,NA,NA
0.2,8,65,NA,NA,NA
0.2,8,66,NA,NA,NA
0.2,8,67,NA,NA,NA
0.2,8,68,NA,NA,NA
0.2,8,69,NA,NA,NA
0.2,8,70,NA,NA,NA
0.2,8,71,NA,NA,NA
0.2,8,72,NA,NA,NA
0.2,8,73,NA,NA,NA
0.2,8,74,NA,NA,NA
0.2,8,75,NA,NA,NA
0.2,8,76,NA,NA,NA
0.2,8,77,NA,NA,NA
0.2,8,78,NA,NA,NA
0.2,8,79,NA,NA,NA
0.2,8,80,NA,NA,NA
0.2,8,81,NA,NA,NA
0.2,8,82,NA,NA,NA
0.2,8,83,NA,NA,NA
0.2,8,84,NA,NA,NA
0.2,8,85,NA,NA,NA
0.2,8,86,NA,NA,NA
0.2,8,87,NA,NA,NA
0.2,8,88,NA,NA,NA
0.2,8,89,NA,NA,NA
0.2,8,90,NA,NA,NA
0.2,8,91,NA,NA,NA
0.2,8,92,NA,NA,NA
0.2,8,93,NA,NA,NA
0.2,8,94,NA,NA,NA
0.2,8,95,NA,NA,NA
0.2,8,96,NA,NA,NA
0.2,8,97,NA,NA,NA
0.2,8,98,NA,NA,NA
0.2,8,99,NA,NA,NA
0.2,8,100,NA,NA,NA
0.2,8,101,NA,NA,NA
0.2,9,1,20,20,NA
0.2,9,2,10,20,NA
0.2,9,3,25,20,NA
0.2,9,4,208,90,NA
0.2,9,5,132,150,NA
0.2,9,6,173,143,NA
0.2,9,7,226,61,NA
0.2,9,8,233,75,NA
0.2,9,9,70,220,0
0.2,9,10,129,185,12
0.2,9,11,243,13,80
0.2,9,12,61,38,94
0.2,9,13,6,40,240
0.2,9,14,18,47,209
0.2,9,15,49,4,195
0.2,9,16,30,37,143
0.2,9,17,12,72,114
0.2,9,18,60,12,140
0.2,9,19,46,14,118
0.2,9,20,15,67,144
0.2,9,21,7,67,101
0.2,9,22,90,3,163
0.2,9,23,33,22,105
0.2,9,24,19,62,120
0.2,9,25,17,62,150
0.2,9,26,81,3,145
0.2,9,27,65,5,101
0.2,9,28,6,42,106
0.2,9,29,4,41,183
0.2,9,30,55,6,209
0.2,9,31,45,5,193
0.2,9,32,2,88,113
0.2,9,33,33,68,117
0.2,9,34,69,0,115
0.2,9,35,7,99,115
0.2,9,36,17,64,147
0.2,9,37,50,22,148
0.2,9,38,23,42,155
0.2,9,39,6,70,161
0.2,9,40,31,44,102
0.2,9,41,25,39,126
0.2,9,42,0,106,123
0.2,9,43,15,102,109
0.2,9,44,53,40,80
0.2,9,45,0,128,103
0.2,9,46,2,119,98
0.2,9,47,14,95,134
0.2,9,48,18,71,157
0.2,9,49,0,78,170
0.2,9,50,4,86,146
0.2,9,51,8,68,133
0.2,9,52,3,88,179
0.2,9,53,1,76,151
0.2,9,54,2,80,118
0.2,9,55,0,91,118
0.2,9,56,NA,84,109
0.2,9,57,NA,79,159
0.2,9,58,NA,98,290
0.2,9,59,NA,95,121
0.2,9,60,NA,103,166
0.2,9,61,NA,NA,NA
0.2,9,62,NA,NA,NA
0.2,9,63,NA,NA,NA
0.2,9,64,NA,NA,NA
0.2,9,65,NA,NA,NA
0.2,9,66,NA,NA,NA
0.2,9,67,NA,NA,NA
0.2,9,68,NA,NA,NA
0.2,9,69,NA,NA,NA
0.2,9,70,NA,NA,NA
0.2,9,71,NA,NA,NA
0.2,9,72,NA,NA,NA
0.2,9,73,NA,NA,NA
0.2,9,74,NA,NA,NA
0.2,9,75,NA,NA,NA
0.2,9,76,NA,NA,NA
0.2,9,77,NA,NA,NA
0.2,9,78,NA,NA,NA
0.2,9,79,NA,NA,NA
0.2,9,80,NA,NA,NA
0.2,9,81,NA,NA,NA
0.2,9,82,NA,NA,NA
0.2,9,83,NA,NA,NA
0.2,9,84,NA,NA,NA
0.2,9,85,NA,NA,NA
0.2,9,86,NA,NA,NA
0.2,9,87,NA,NA,NA
0.2,9,88,NA,NA,NA
0.2,9,89,NA,NA,NA
0.2,9,90,NA,NA,NA
0.2,9,91,NA,NA,NA
0.2,9,92,NA,NA,NA
0.2,9,93,NA,NA,NA
0.2,9,94,NA,NA,NA
0.2,9,95,NA,NA,NA
0.2,9,96,NA,NA,NA
0.2,9,97,NA,NA,NA
0.2,9,98,NA,NA,NA
0.2,9,99,NA,NA,NA
0.2,9,100,NA,NA,NA
0.2,9,101,NA,NA,NA
0.2,10,1,20,20,NA
0.2,10,2,20,20,NA
0.2,10,3,34,21,NA
0.2,10,4,180,112,NA
0.2,10,5,188,141,NA
0.2,10,6,135,151,NA
0.2,10,7,208,81,NA
0.2,10,8,189,107,NA
0.2,10,9,151,200,0
0.2,10,10,84,201,11
0.2,10,11,118,65,100
0.2,10,12,39,70,69
0.2,10,13,4,48,208
0.2,10,14,12,58,209
0.2,10,15,21,29,170
0.2,10,16,19,48,157
0.2,10,17,1,74,134
0.2,10,18,28,61,126
0.2,10,19,19,71,89
0.2,10,20,1,111,115
0.2,10,21,3,93,102
0.2,10,22,5,115,128
0.2,10,23,0,111,96
0.2,10,24,0,129,106
0.2,10,25,0,161,155
0.2,10,26,0,140,95
0.2,10,27,2,92,170
0.2,10,28,0,54,176
0.2,10,29,NA,42,280
0.2,10,30,NA,45,268
0.2,10,31,NA,93,164
0.2,10,32,NA,107,130
0.2,10,33,NA,125,127
0.2,10,34,NA,165,34
0.2,10,35,NA,131,175
0.2,10,36,NA,114,151
0.2,10,37,NA,110,119
0.2,10,38,NA,90,200
0.2,10,39,NA,90,159
0.2,10,40,NA,62,144
0.2,10,41,NA,111,158
0.2,10,42,NA,75,149
0.2,10,43,NA,87,171
0.2,10,44,NA,55,224
0.2,10,45,NA,118,135
0.2,10,46,NA,74,166
0.2,10,47,NA,124,117
0.2,10,48,NA,107,148
0.2,10,49,NA,107,148
0.2,10,50,NA,112,103
0.2,10,51,NA,101,143
0.2,10,52,NA,70,196
0.2,10,53,NA,80,180
0.2,10,54,NA,62,150
0.2,10,55,NA,105,116
0.2,10,56,NA,79,140
0.2,10,57,NA,NA,NA
0.2,10,58,NA,NA,NA
0.2,10,59,NA,NA,NA
0.2,10,60,NA,NA,NA
0.2,10,61,NA,NA,NA
0.2,10,62,NA,NA,NA
0.2,10,63,NA,NA,NA
0.2,10,64,NA,NA,NA
0.2,10,65,NA,NA,NA
0.2,10,66,NA,NA,NA
0.2,10,67,NA,NA,NA
0.2,10,68,NA,NA,NA
0.2,10,69,NA,NA,NA
0.2,10,70,NA,NA,NA
0.2,10,71,NA,NA,NA
0.2,10,72,NA,NA,NA
0.2,10,73,NA,NA,NA
0.2,10,74,NA,NA,NA
0.2,10,75,NA,NA,NA
0.2,10,76,NA,NA,NA
0.2,10,77,NA,NA,NA
0.2,10,78,NA,NA,NA
0.2,10,79,NA,NA,NA
0.2,10,80,NA,NA,NA
0.2,10,81,NA,NA,NA
0.2,10,82,NA,NA,NA
0.2,10,83,NA,NA,NA
0.2,10,84,NA,NA,NA
0.2,10,85,NA,NA,NA
0.2,10,86,NA,NA,NA
0.2,10,87,NA,NA,NA
0.2,10,88,NA,NA,NA
0.2,10,89,NA,NA,NA
0.2,10,90,NA,NA,NA
0.2,10,91,NA,NA,NA
0.2,10,92,NA,NA,NA
0.2,10,93,NA,NA,NA
0.2,10,94,NA,NA,NA
0.2,10,95,NA,NA,NA
0.2,10,96,NA,NA,NA
0.2,10,97,NA,NA,NA
0.2,10,98,NA,NA,NA
0.2,10,99,NA,NA,NA
0.2,10,100,NA,NA,NA
0.2,10,101,NA,NA,NA
0.2,11,1,21,19,NA
0.2,11,2,21,20,NA
0.2,11,3,30,20,NA
0.2,11,4,74,129,NA
0.2,11,5,112,153,NA
0.2,11,6,76,144,NA
0.2,11,7,69,132,NA
0.2,11,8,28,197,NA
0.2,11,9,30,191,0
0.2,11,10,17,168,13
0.2,11,11,11,194,85
0.2,11,12,3,131,73
0.2,11,13,0,115,64
0.2,11,14,NA,113,68
0.2,11,15,NA,123,65
0.2,11,16,NA,127,71
0.2,11,17,NA,106,105
0.2,11,18,NA,126,56
0.2,11,19,NA,NA,NA
0.2,11,20,NA,NA,NA
0.2,11,21,NA,NA,NA
0.2,11,22,NA,NA,NA
0.2,11,23,NA,NA,NA
0.2,11,24,NA,NA,NA
0.2,11,25,NA,NA,NA
0.2,11,26,NA,NA,NA
0.2,11,27,NA,NA,NA
0.2,11,28,NA,NA,NA
0.2,11,29,NA,NA,NA
0.2,11,30,NA,NA,NA
0.2,11,31,NA,NA,NA
0.2,11,32,NA,NA,NA
0.2,11,33,NA,NA,NA
0.2,11,34,NA,NA,NA
0.2,11,35,NA,NA,NA
0.2,11,36,NA,NA,NA
0.2,11,37,NA,NA,NA
0.2,11,38,NA,NA,NA
0.2,11,39,NA,NA,NA
0.2,11,40,NA,NA,NA
0.2,11,41,NA,NA,NA
0.2,11,42,NA,NA,NA
0.2,11,43,NA,NA,NA
0.2,11,44,NA,NA,NA
0.2,11,45,NA,NA,NA
0.2,11,46,NA,NA,NA
0.2,11,47,NA,NA,NA
0.2,11,48,NA,NA,NA
0.2,11,49,NA,NA,NA
0.2,11,50,NA,NA,NA
0.2,11,51,NA,NA,NA
0.2,11,52,NA,NA,NA
0.2,11,53,NA,NA,NA
0.2,11,54,NA,NA,NA
0.2,11,55,NA,NA,NA
0.2,11,56,NA,NA,NA
0.2,11,57,NA,NA,NA
0.2,11,58,NA,NA,NA
0.2,11,59,NA,NA,NA
0.2,11,60,NA,NA,NA
0.2,11,61,NA,NA,NA
0.2,11,62,NA,NA,NA
0.2,11,63,NA,NA,NA
0.2,11,64,NA,NA,NA
0.2,11,65,NA,NA,NA
0.2,11,66,NA,NA,NA
0.2,11,67,NA,NA,NA
0.2,11,68,NA,NA,NA
0.2,11,69,NA,NA,NA
0.2,11,70,NA,NA,NA
0.2,11,71,NA,NA,NA
0.2,11,72,NA,NA,NA
0.2,11,73,NA,NA,NA
0.2,11,74,NA,NA,NA
0.2,11,75,NA,NA,NA
0.2,11,76,NA,NA,NA
0.2,11,77,NA,NA,NA
0.2,11,78,NA,NA,NA
0.2,11,79,NA,NA,NA
0.2,11,80,NA,NA,NA
0.2,11,81,NA,NA,NA
0.2,11,82,NA,NA,NA
0.2,11,83,NA,NA,NA
0.2,11,84,NA,NA,NA
0.2,11,85,NA,NA,NA
0.2,11,86,NA,NA,NA
0.2,11,87,NA,NA,NA
0.2,11,88,NA,NA,NA
0.2,11,89,NA,NA,NA
0.2,11,90,NA,NA,NA
0.2,11,91,NA,NA,NA
0.2,11,92,NA,NA,NA
0.2,11,93,NA,NA,NA
0.2,11,94,NA,NA,NA
0.2,11,95,NA,NA,NA
0.2,11,96,NA,NA,NA
0.2,11,97,NA,NA,NA
0.2,11,98,NA,NA,NA
0.2,11,99,NA,NA,NA
0.2,11,100,NA,NA,NA
0.2,11,101,NA,NA,NA
0.2,12,1,20,20,NA
0.2,12,2,20,20,NA
0.2,12,3,50,20,NA
0.2,12,4,134,88,NA
0.2,12,5,114,182,0
0.2,12,6,84,111,11
0.2,12,7,145,29,122
0.2,12,8,48,89,115
0.2,12,9,13,45,137
0.2,12,10,56,73,113
0.2,12,11,8,7,144
0.2,12,12,27,50,144
0.2,12,13,11,51,91
0.2,12,14,79,34,77
0.2,12,15,48,16,83
0.2,12,16,22,65,77
0.2,12,17,23,69,127
0.2,12,18,69,25,115
0.2,12,19,45,22,65
0.2,12,20,5,75,92
0.2,12,21,27,49,117
0.2,12,22,57,21,112
0.2,12,23,46,24,104
0.2,12,24,1,83,115
0.2,12,25,27,38,101
0.2,12,26,40,32,104
0.2,12,27,30,33,127
0.2,12,28,7,64,147
0.2,12,29,25,42,133
0.2,12,30,28,41,117
0.2,12,31,11,54,147
0.2,12,32,7,50,141
0.2,12,33,19,34,179
0.2,12,34,17,35,160
0.2,12,35,1,48,143
0.2,12,36,4,35,207
0.2,12,37,15,42,156
0.2,12,38,1,60,124
0.2,12,39,0,70,167
0.2,12,40,16,41,124
0.2,12,41,1,41,144
0.2,12,42,0,48,124
0.2,12,43,6,53,184
0.2,12,44,12,25,152
0.2,12,45,0,53,148
0.2,12,46,1,50,157
0.2,12,47,12,52,153
0.2,12,48,2,54,116
0.2,12,49,0,65,142
0.2,12,50,0,57,157
0.2,12,51,1,55,173
0.2,12,52,0,57,187
0.2,12,53,NA,59,142
0.2,12,54,NA,65,96
0.2,12,55,NA,67,113
0.2,12,56,NA,61,143
0.2,12,57,NA,NA,NA
0.2,12,58,NA,NA,NA
0.2,12,59,NA,NA,NA
0.2,12,60,NA,NA,NA
0.2,12,61,NA,NA,NA
0.2,12,62,NA,NA,NA
0.2,12,63,NA,NA,NA
0.2,12,64,NA,NA,NA
0.2,12,65,NA,NA,NA
0.2,12,66,NA,NA,NA
0.2,12,67,NA,NA,NA
0.2,12,68,NA,NA,NA
0.2,12,69,NA,NA,NA
0.2,12,70,NA,NA,NA
0.2,12,71,NA,NA,NA
0.2,12,72,NA,NA,NA
0.2,12,73,NA,NA,NA
0.2,12,74,NA,NA,NA
0.2,12,75,NA,NA,NA
0.2,12,76,NA,NA,NA
0.2,12,77,NA,NA,NA
0.2,12,78,NA,NA,NA
0.2,12,79,NA,NA,NA
0.2,12,80,NA,NA,NA
0.2,12,81,NA,NA,NA
0.2,12,82,NA,NA,NA
0.2,12,83,NA,NA,NA
0.2,12,84,NA,NA,NA
0.2,12,85,NA,NA,NA
0.2,12,86,NA,NA,NA
0.2,12,87,NA,NA,NA
0.2,12,88,NA,NA,NA
0.2,12,89,NA,NA,NA
0.2,12,90,NA,NA,NA
0.2,12,91,NA,NA,NA
0.2,12,92,NA,NA,NA
0.2,12,93,NA,NA,NA
0.2,12,94,NA,NA,NA
0.2,12,95,NA,NA,NA
0.2,12,96,NA,NA,NA
0.2,12,97,NA,NA,NA
0.2,12,98,NA,NA,NA
0.2,12,99,NA,NA,NA
0.2,12,100,NA,NA,NA
0.2,12,101,NA,NA,NA
0.2,13,1,20,20,NA
0.2,13,2,20,20,NA
0.2,13,3,32,20,NA
0.2,13,4,100,119,NA
0.2,13,5,72,180,0
0.2,13,6,68,173,11
0.2,13,7,78,29,83
0.2,13,8,14,109,106
0.2,13,9,9,79,97
0.2,13,10,60,105,91
0.2,13,11,11,19,100
0.2,13,12,6,80,112
0.2,13,13,3,77,96
0.2,13,14,39,46,99
0.2,13,15,30,48,89
0.2,13,16,1,97,65
0.2,13,17,19,90,94
0.2,13,18,30,90,98
0.2,13,19,11,78,70
0.2,13,20,1,126,67
0.2,13,21,8,83,87
0.2,13,22,1,113,51
0.2,13,23,4,118,83
0.2,13,24,1,152,95
0.2,13,25,0,128,69
0.2,13,26,NA,120,81
0.2,13,27,NA,137,94
0.2,13,28,NA,122,94
0.2,13,29,NA,128,102
0.2,13,30,NA,141,85
0.2,13,31,NA,163,84
0.2,13,32,NA,122,96
0.2,13,33,NA,139,98
0.2,13,34,NA,96,137
0.2,13,35,NA,121,133
0.2,13,36,NA,89,158
0.2,13,37,NA,122,102
0.2,13,38,NA,63,200
0.2,13,39,NA,99,142
0.2,13,40,NA,61,159
0.2,13,41,NA,NA,NA
0.2,13,42,NA,NA,NA
0.2,13,43,NA,NA,NA
0.2,13,44,NA,NA,NA
0.2,13,45,NA,NA,NA
0.2,13,46,NA,NA,NA
0.2,13,47,NA,NA,NA
0.2,13,48,NA,NA,NA
0.2,13,49,NA,NA,NA
0.2,13,50,NA,NA,NA
0.2,13,51,NA,NA,NA
0.2,13,52,NA,NA,NA
0.2,13,53,NA,NA,NA
0.2,13,54,NA,NA,NA
0.2,13,55,NA,NA,NA
0.2,13,56,NA,NA,NA
0.2,13,57,NA,NA,NA
0.2,13,58,NA,NA,NA
0.2,13,59,NA,NA,NA
0.2,13,60,NA,NA,NA
0.2,13,61,NA,NA,NA
0.2,13,62,NA,NA,NA
0.2,13,63,NA,NA,NA
0.2,13,64,NA,NA,NA
0.2,13,65,NA,NA,NA
0.2,13,66,NA,NA,NA
0.2,13,67,NA,NA,NA
0.2,13,68,NA,NA,NA
0.2,13,69,NA,NA,NA
0.2,13,70,NA,NA,NA
0.2,13,71,NA,NA,NA
0.2,13,72,NA,NA,NA
0.2,13,73,NA,NA,NA
0.2,13,74,NA,NA,NA
0.2,13,75,NA,NA,NA
0.2,13,76,NA,NA,NA
0.2,13,77,NA,NA,NA
0.2,13,78,NA,NA,NA
0.2,13,79,NA,NA,NA
0.2,13,80,NA,NA,NA
0.2,13,81,NA,NA,NA
0.2,13,82,NA,NA,NA
0.2,13,83,NA,NA,NA
0.2,13,84,NA,NA,NA
0.2,13,85,NA,NA,NA
0.2,13,86,NA,NA,NA
0.2,13,87,NA,NA,NA
0.2,13,88,NA,NA,NA
0.2,13,89,NA,NA,NA
0.2,13,90,NA,NA,NA
0.2,13,91,NA,NA,NA
0.2,13,92,NA,NA,NA
0.2,13,93,NA,NA,NA
0.2,13,94,NA,NA,NA
0.2,13,95,NA,NA,NA
0.2,13,96,NA,NA,NA
0.2,13,97,NA,NA,NA
0.2,13,98,NA,NA,NA
0.2,13,99,NA,NA,NA
0.2,13,100,NA,NA,NA
0.2,13,101,NA,NA,NA
0.2,14,1,20,20,NA
0.2,14,2,20,20,NA
0.2,14,3,37,20,NA
0.2,14,4,118,85,NA
0.2,14,5,83,184,0
0.2,14,6,75,141,10
0.2,14,7,176,8,66
0.2,14,8,42,87,80
0.2,14,9,11,82,59
0.2,14,10,13,82,158
0.2,14,11,51,3,168
0.2,14,12,17,67,109
0.2,14,13,4,94,67
0.2,14,14,4,116,69
0.2,14,15,51,23,19
0.2,14,16,9,142,46
0.2,14,17,0,159,64
0.2,14,18,1,177,36
0.2,14,19,48,55,43
0.2,14,20,2,146,72
0.2,14,21,0,96,45
0.2,14,22,0,119,67
0.2,14,23,9,90,74
0.2,14,24,0,129,84
0.2,14,25,0,133,64
0.2,14,26,0,75,87
0.2,14,27,1,113,156
0.2,14,28,0,96,70
0.2,14,29,NA,111,90
0.2,14,30,NA,147,97
0.2,14,31,NA,161,71
0.2,14,32,NA,119,58
0.2,14,33,NA,117,104
0.2,14,34,NA,52,137
0.2,14,35,NA,69,217
0.2,14,36,NA,52,188
0.2,14,37,NA,60,160
0.2,14,38,NA,45,158
0.2,14,39,NA,56,144
0.2,14,40,NA,55,123
0.2,14,41,NA,NA,NA
0.2,14,42,NA,NA,NA
0.2,14,43,NA,NA,NA
0.2,14,44,NA,NA,NA
0.2,14,45,NA,NA,NA
0.2,14,46,NA,NA,NA
0.2,14,47,NA,NA,NA
0.2,14,48,NA,NA,NA
0.2,14,49,NA,NA,NA
0.2,14,50,NA,NA,NA
0.2,14,51,NA,NA,NA
0.2,14,52,NA,NA,NA
0.2,14,53,NA,NA,NA
0.2,14,54,NA,NA,NA
0.2,14,55,NA,NA,NA
0.2,14,56,NA,NA,NA
0.2,14,57,NA,NA,NA
0.2,14,58,NA,NA,NA
0.2,14,59,NA,NA,NA
0.2,14,60,NA,NA,NA
0.2,14,61,NA,NA,NA
0.2,14,62,NA,NA,NA
0.2,14,63,NA,NA,NA
0.2,14,64,NA,NA,NA
0.2,14,65,NA,NA,NA
0.2,14,66,NA,NA,NA
0.2,14,67,NA,NA,NA
0.2,14,68,NA,NA,NA
0.2,14,69,NA,NA,NA
0.2,14,70,NA,NA,NA
0.2,14,71,NA,NA,NA
0.2,14,72,NA,NA,NA
0.2,14,73,NA,NA,NA
0.2,14,74,NA,NA,NA
0.2,14,75,NA,NA,NA
0.2,14,76,NA,NA,NA
0.2,14,77,NA,NA,NA
0.2,14,78,NA,NA,NA
0.2,14,79,NA,NA,NA
0.2,14,80,NA,NA,NA
0.2,14,81,NA,NA,NA
0.2,14,82,NA,NA,NA
0.2,14,83,NA,NA,NA
0.2,14,84,NA,NA,NA
0.2,14,85,NA,NA,NA
0.2,14,86,NA,NA,NA
0.2,14,87,NA,NA,NA
0.2,14,88,NA,NA,NA
0.2,14,89,NA,NA,NA
0.2,14,90,NA,NA,NA
0.2,14,91,NA,NA,NA
0.2,14,92,NA,NA,NA
0.2,14,93,NA,NA,NA
0.2,14,94,NA,NA,NA
0.2,14,95,NA,NA,NA
0.2,14,96,NA,NA,NA
0.2,14,97,NA,NA,NA
0.2,14,98,NA,NA,NA
0.2,14,99,NA,NA,NA
0.2,14,100,NA,NA,NA
0.2,14,101,NA,NA,NA
0.2,15,1,20,20,NA
0.2,15,2,20,20,NA
0.2,15,3,30,21,NA
0.2,15,4,87,133,NA
0.2,15,5,99,150,0
0.2,15,6,72,146,10
0.2,15,7,100,23,59
0.2,15,8,33,94,96
0.2,15,9,11,61,96
0.2,15,10,8,64,150
0.2,15,11,38,16,125
0.2,15,12,4,52,125
0.2,15,13,1,64,113
0.2,15,14,2,97,99
0.2,15,15,21,36,59
0.2,15,16,1,136,68
0.2,15,17,0,130,125
0.2,15,18,0,151,52
0.2,15,19,4,113,59
0.2,15,20,0,115,82
0.2,15,21,NA,101,72
0.2,15,22,NA,88,104
0.2,15,23,NA,107,57
0.2,15,24,NA,116,116
0.2,15,25,NA,131,102
0.2,15,26,NA,104,80
0.2,15,27,NA,159,75
0.2,15,28,NA,148,52
0.2,15,29,NA,150,72
0.2,15,30,NA,131,106
0.2,15,31,NA,80,105
0.2,15,32,NA,111,128
0.2,15,33,NA,59,147
0.2,15,34,NA,44,214
0.2,15,35,NA,17,66
0.2,15,36,NA,60,46
0.2,15,37,NA,69,164
0.2,15,38,NA,48,131
0.2,15,39,NA,64,136
0.2,15,40,NA,77,170
0.2,15,41,NA,NA,NA
0.2,15,42,NA,NA,NA
0.2,15,43,NA,NA,NA
0.2,15,44,NA,NA,NA
0.2,15,45,NA,NA,NA
0.2,15,46,NA,NA,NA
0.2,15,47,NA,NA,NA
0.2,15,48,NA,NA,NA
0.2,15,49,NA,NA,NA
0.2,15,50,NA,NA,NA
0.2,15,51,NA,NA,NA
0.2,15,52,NA,NA,NA
0.2,15,53,NA,NA,NA
0.2,15,54,NA,NA,NA
0.2,15,55,NA,NA,NA
0.2,15,56,NA,NA,NA
0.2,15,57,NA,NA,NA
0.2,15,58,NA,NA,NA
0.2,15,59,NA,NA,NA
0.2,15,60,NA,NA,NA
0.2,15,61,NA,NA,NA
0.2,15,62,NA,NA,NA
0.2,15,63,NA,NA,NA
0.2,15,64,NA,NA,NA
0.2,15,65,NA,NA,NA
0.2,15,66,NA,NA,NA
0.2,15,67,NA,NA,NA
0.2,15,68,NA,NA,NA
0.2,15,69,NA,NA,NA
0.2,15,70,NA,NA,NA
0.2,15,71,NA,NA,NA
0.2,15,72,NA,NA,NA
0.2,15,73,NA,NA,NA
0.2,15,74,NA,NA,NA
0.2,15,75,NA,NA,NA
0.2,15,76,NA,NA,NA
0.2,15,77,NA,NA,NA
0.2,15,78,NA,NA,NA
0.2,15,79,NA,NA,NA
0.2,15,80,NA,NA,NA
0.2,15,81,NA,NA,NA
0.2,15,82,NA,NA,NA
0.2,15,83,NA,NA,NA
0.2,15,84,NA,NA,NA
0.2,15,85,NA,NA,NA
0.2,15,86,NA,NA,NA
0.2,15,87,NA,NA,NA
0.2,15,88,NA,NA,NA
0.2,15,89,NA,NA,NA
0.2,15,90,NA,NA,NA
0.2,15,91,NA,NA,NA
0.2,15,92,NA,NA,NA
0.2,15,93,NA,NA,NA
0.2,15,94,NA,NA,NA
0.2,15,95,NA,NA,NA
0.2,15,96,NA,NA,NA
0.2,15,97,NA,NA,NA
0.2,15,98,NA,NA,NA
0.2,15,99,NA,NA,NA
0.2,15,100,NA,NA,NA
0.2,15,101,NA,NA,NA
0.2,16,1,20,20,NA
0.2,16,2,19,19,NA
0.2,16,3,47,23,NA
0.2,16,4,104,98,NA
0.2,16,5,102,143,0
0.2,16,6,64,114,12
0.2,16,7,196,19,132
0.2,16,8,16,64,160
0.2,16,9,2,11,154
0.2,16,10,4,35,154
0.2,16,11,53,3,138
0.2,16,12,9,18,157
0.2,16,13,0,35,130
0.2,16,14,39,25,122
0.2,16,15,34,11,131
0.2,16,16,4,48,92
0.2,16,17,8,58,58
0.2,16,18,62,28,54
0.2,16,19,37,22,119
0.2,16,20,-1,34,189
0.2,16,21,11,32,213
0.2,16,22,31,6,207
0.2,16,23,13,30,89
0.2,16,24,3,48,113
0.2,16,25,48,22,57
0.2,16,26,46,16,45
0.2,16,27,5,79,36
0.2,16,28,21,75,146
0.2,16,29,38,37,185
0.2,16,30,42,30,91
0.2,16,31,2,90,99
0.2,16,32,8,60,106
0.2,16,33,12,29,120
0.2,16,34,21,50,141
0.2,16,35,1,91,51
0.2,16,36,1,136,52
0.2,16,37,27,100,92
0.2,16,38,13,128,33
0.2,16,39,-1,147,53
0.2,16,40,0,168,85
0.2,16,41,0,95,52
0.2,16,42,NA,NA,NA
0.2,16,43,NA,NA,NA
0.2,16,44,NA,NA,NA
0.2,16,45,NA,NA,NA
0.2,16,46,NA,NA,NA
0.2,16,47,NA,NA,NA
0.2,16,48,NA,NA,NA
0.2,16,49,NA,NA,NA
0.2,16,50,NA,NA,NA
0.2,16,51,NA,NA,NA
0.2,16,52,NA,NA,NA
0.2,16,53,NA,NA,NA
0.2,16,54,NA,NA,NA
0.2,16,55,NA,NA,NA
0.2,16,56,NA,NA,NA
0.2,16,57,NA,NA,NA
0.2,16,58,NA,NA,NA
0.2,16,59,NA,NA,NA
0.2,16,60,NA,NA,NA
0.2,16,61,NA,NA,NA
0.2,16,62,NA,NA,NA
0.2,16,63,NA,NA,NA
0.2,16,64,NA,NA,NA
0.2,16,65,NA,NA,NA
0.2,16,66,NA,NA,NA
0.2,16,67,NA,NA,NA
0.2,16,68,NA,NA,NA
0.2,16,69,NA,NA,NA
0.2,16,70,NA,NA,NA
0.2,16,71,NA,NA,NA
0.2,16,72,NA,NA,NA
0.2,16,73,NA,NA,NA
0.2,16,74,NA,NA,NA
0.2,16,75,NA,NA,NA
0.2,16,76,NA,NA,NA
0.2,16,77,NA,NA,NA
0.2,16,78,NA,NA,NA
0.2,16,79,NA,NA,NA
0.2,16,80,NA,NA,NA
0.2,16,81,NA,NA,NA
0.2,16,82,NA,NA,NA
0.2,16,83,NA,NA,NA
0.2,16,84,NA,NA,NA
0.2,16,85,NA,NA,NA
0.2,16,86,NA,NA,NA
0.2,16,87,NA,NA,NA
0.2,16,88,NA,NA,NA
0.2,16,89,NA,NA,NA
0.2,16,90,NA,NA,NA
0.2,16,91,NA,NA,NA
0.2,16,92,NA,NA,NA
0.2,16,93,NA,NA,NA
0.2,16,94,NA,NA,NA
0.2,16,95,NA,NA,NA
0.2,16,96,NA,NA,NA
0.2,16,97,NA,NA,NA
0.2,16,98,NA,NA,NA
0.2,16,99,NA,NA,NA
0.2,16,100,NA,NA,NA
0.2,16,101,NA,NA,NA
0.5,17,1,20,20,NA
0.5,17,2,20,20,NA
0.5,17,3,22,19,NA
0.5,17,4,165,101,NA
0.5,17,5,136,147,NA
0.5,17,6,126,157,NA
0.5,17,7,233,44,NA
0.5,17,8,257,42,NA
0.5,17,9,95,127,0
0.5,17,10,73,189,11
0.5,17,11,168,15,172
0.5,17,12,50,10,257
0.5,17,13,3,12,190
0.5,17,14,11,33,184
0.5,17,15,40,0,116
0.5,17,16,37,17,85
0.5,17,17,11,54,37
0.5,17,18,49,16,75
0.5,17,19,52,1,174
0.5,17,20,22,25,128
0.5,17,21,5,54,105
0.5,17,22,41,6,90
0.5,17,23,44,0,96
0.5,17,24,2,62,83
0.5,17,25,8,68,108
0.5,17,26,53,12,109
0.5,17,27,28,3,129
0.5,17,28,0,47,130
0.5,17,29,0,40,161
0.5,17,30,35,10,134
0.5,17,31,47,12,115
0.5,17,32,0,60,64
0.5,17,33,19,83,92
0.5,17,34,50,0,137
0.5,17,35,5,69,127
0.5,17,36,9,55,122
0.5,17,37,23,42,90
0.5,17,38,28,33,119
0.5,17,39,0,84,135
0.5,17,40,9,51,118
0.5,17,41,34,36,94
0.5,17,42,2,73,98
0.5,17,43,0,65,124
0.5,17,44,7,43,131
0.5,17,45,17,54,138
0.5,17,46,0,73,105
0.5,17,47,0,63,75
0.5,17,48,7,75,94
0.5,17,49,0,54,136
0.5,17,50,NA,79,105
0.5,17,51,NA,48,162
0.5,17,52,NA,73,159
0.5,17,53,NA,55,137
0.5,17,54,NA,71,92
0.5,17,55,NA,61,66
0.5,17,56,NA,73,103
0.5,17,57,NA,NA,NA
0.5,17,58,NA,NA,NA
0.5,17,59,NA,NA,NA
0.5,17,60,NA,NA,NA
0.5,17,61,NA,NA,NA
0.5,17,62,NA,NA,NA
0.5,17,63,NA,NA,NA
0.5,17,64,NA,NA,NA
0.5,17,65,NA,NA,NA
0.5,17,66,NA,NA,NA
0.5,17,67,NA,NA,NA
0.5,17,68,NA,NA,NA
0.5,17,69,NA,NA,NA
0.5,17,70,NA,NA,NA
0.5,17,71,NA,NA,NA
0.5,17,72,NA,NA,NA
0.5,17,73,NA,NA,NA
0.5,17,74,NA,NA,NA
0.5,17,75,NA,NA,NA
0.5,17,76,NA,NA,NA
0.5,17,77,NA,NA,NA
0.5,17,78,NA,NA,NA
0.5,17,79,NA,NA,NA
0.5,17,80,NA,NA,NA
0.5,17,81,NA,NA,NA
0.5,17,82,NA,NA,NA
0.5,17,83,NA,NA,NA
0.5,17,84,NA,NA,NA
0.5,17,85,NA,NA,NA
0.5,17,86,NA,NA,NA
0.5,17,87,NA,NA,NA
0.5,17,88,NA,NA,NA
0.5,17,89,NA,NA,NA
0.5,17,90,NA,NA,NA
0.5,17,91,NA,NA,NA
0.5,17,92,NA,NA,NA
0.5,17,93,NA,NA,NA
0.5,17,94,NA,NA,NA
0.5,17,95,NA,NA,NA
0.5,17,96,NA,NA,NA
0.5,17,97,NA,NA,NA
0.5,17,98,NA,NA,NA
0.5,17,99,NA,NA,NA
0.5,17,100,NA,NA,NA
0.5,17,101,NA,NA,NA
0.5,18,1,20,20,NA
0.5,18,2,20,20,NA
0.5,18,3,25,20,NA
0.5,18,4,155,104,NA
0.5,18,5,158,131,NA
0.5,18,6,153,155,NA
0.5,18,7,240,52,NA
0.5,18,8,223,77,NA
0.5,18,9,122,95,0
0.5,18,10,107,126,13
0.5,18,11,105,13,170
0.5,18,12,31,15,241
0.5,18,13,17,6,208
0.5,18,14,17,22,153
0.5,18,15,40,6,119
0.5,18,16,43,32,51
0.5,18,17,66,8,40
0.5,18,18,72,7,81
0.5,18,19,41,10,160
0.5,18,20,35,4,203
0.5,18,21,49,0,116
0.5,18,22,50,4,79
0.5,18,23,45,2,90
0.5,18,24,41,1,186
0.5,18,25,62,2,128
0.5,18,26,47,0,55
0.5,18,27,42,NA,88
0.5,18,28,45,NA,95
0.5,18,29,48,NA,113
0.5,18,30,55,NA,117
0.5,18,31,67,NA,84
0.5,18,32,56,NA,89
0.5,18,33,52,NA,100
0.5,18,34,34,NA,192
0.5,18,35,60,NA,102
0.5,18,36,28,NA,149
0.5,18,37,45,NA,71
0.5,18,38,80,NA,84
0.5,18,39,46,NA,98
0.5,18,40,55,NA,104
0.5,18,41,46,NA,113
0.5,18,42,56,NA,95
0.5,18,43,65,NA,57
0.5,18,44,58,NA,138
0.5,18,45,40,NA,100
0.5,18,46,55,NA,115
0.5,18,47,67,NA,88
0.5,18,48,54,NA,103
0.5,18,49,48,NA,126
0.5,18,50,37,NA,136
0.5,18,51,48,NA,100
0.5,18,52,34,NA,117
0.5,18,53,48,NA,96
0.5,18,54,57,NA,83
0.5,18,55,46,NA,103
0.5,18,56,44,NA,122
0.5,18,57,NA,NA,NA
0.5,18,58,NA,NA,NA
0.5,18,59,NA,NA,NA
0.5,18,60,NA,NA,NA
0.5,18,61,NA,NA,NA
0.5,18,62,NA,NA,NA
0.5,18,63,NA,NA,NA
0.5,18,64,NA,NA,NA
0.5,18,65,NA,NA,NA
0.5,18,66,NA,NA,NA
0.5,18,67,NA,NA,NA
0.5,18,68,NA,NA,NA
0.5,18,69,NA,NA,NA
0.5,18,70,NA,NA,NA
0.5,18,71,NA,NA,NA
0.5,18,72,NA,NA,NA
0.5,18,73,NA,NA,NA
0.5,18,74,NA,NA,NA
0.5,18,75,NA,NA,NA
0.5,18,76,NA,NA,NA
0.5,18,77,NA,NA,NA
0.5,18,78,NA,NA,NA
0.5,18,79,NA,NA,NA
0.5,18,80,NA,NA,NA
0.5,18,81,NA,NA,NA
0.5,18,82,NA,NA,NA
0.5,18,83,NA,NA,NA
0.5,18,84,NA,NA,NA
0.5,18,85,NA,NA,NA
0.5,18,86,NA,NA,NA
0.5,18,87,NA,NA,NA
0.5,18,88,NA,NA,NA
0.5,18,89,NA,NA,NA
0.5,18,90,NA,NA,NA
0.5,18,91,NA,NA,NA
0.5,18,92,NA,NA,NA
0.5,18,93,NA,NA,NA
0.5,18,94,NA,NA,NA
0.5,18,95,NA,NA,NA
0.5,18,96,NA,NA,NA
0.5,18,97,NA,NA,NA
0.5,18,98,NA,NA,NA
0.5,18,99,NA,NA,NA
0.5,18,100,NA,NA,NA
0.5,18,101,NA,NA,NA
0.5,19,1,20,20,NA
0.5,19,2,19,19,NA
0.5,19,3,23,21,NA
0.5,19,4,157,131,NA
0.5,19,5,132,158,NA
0.5,19,6,161,139,NA
0.5,19,7,84,143,NA
0.5,19,8,128,139,NA
0.5,19,9,104,72,0
0.5,19,10,55,146,11
0.5,19,11,50,87,148
0.5,19,12,12,26,221
0.5,19,13,1,12,275
0.5,19,14,3,47,153
0.5,19,15,24,31,114
0.5,19,16,3,41,62
0.5,19,17,0,100,50
0.5,19,18,9,60,181
0.5,19,19,30,24,150
0.5,19,20,0,90,102
0.5,19,21,0,68,121
0.5,19,22,14,40,126
0.5,19,23,10,51,104
0.5,19,24,0,93,86
0.5,19,25,2,102,136
0.5,19,26,2,58,130
0.5,19,27,5,67,151
0.5,19,28,0,46,160
0.5,19,29,NA,40,201
0.5,19,30,NA,64,189
0.5,19,31,NA,72,142
0.5,19,32,NA,66,46
0.5,19,33,NA,84,66
0.5,19,34,NA,86,144
0.5,19,35,NA,63,183
0.5,19,36,NA,47,168
0.5,19,37,NA,71,103
0.5,19,38,NA,81,112
0.5,19,39,NA,66,110
0.5,19,40,NA,72,112
0.5,19,41,NA,78,134
0.5,19,42,NA,71,94
0.5,19,43,NA,87,116
0.5,19,44,NA,91,93
0.5,19,45,NA,64,116
0.5,19,46,NA,83,141
0.5,19,47,NA,66,113
0.5,19,48,NA,60,166
0.5,19,49,NA,62,129
0.5,19,50,NA,82,138
0.5,19,51,NA,57,130
0.5,19,52,NA,68,90
0.5,19,53,NA,69,142
0.5,19,54,NA,79,121
0.5,19,55,NA,65,116
0.5,19,56,NA,68,153
0.5,19,57,NA,NA,NA
0.5,19,58,NA,NA,NA
0.5,19,59,NA,NA,NA
0.5,19,60,NA,NA,NA
0.5,19,61,NA,NA,NA
0.5,19,62,NA,NA,NA
0.5,19,63,NA,NA,NA
0.5,19,64,NA,NA,NA
0.5,19,65,NA,NA,NA
0.5,19,66,NA,NA,NA
0.5,19,67,NA,NA,NA
0.5,19,68,NA,NA,NA
0.5,19,69,NA,NA,NA
0.5,19,70,NA,NA,NA
0.5,19,71,NA,NA,NA
0.5,19,72,NA,NA,NA
0.5,19,73,NA,NA,NA
0.5,19,74,NA,NA,NA
0.5,19,75,NA,NA,NA
0.5,19,76,NA,NA,NA
0.5,19,77,NA,NA,NA
0.5,19,78,NA,NA,NA
0.5,19,79,NA,NA,NA
0.5,19,80,NA,NA,NA
0.5,19,81,NA,NA,NA
0.5,19,82,NA,NA,NA
0.5,19,83,NA,NA,NA
0.5,19,84,NA,NA,NA
0.5,19,85,NA,NA,NA
0.5,19,86,NA,NA,NA
0.5,19,87,NA,NA,NA
0.5,19,88,NA,NA,NA
0.5,19,89,NA,NA,NA
0.5,19,90,NA,NA,NA
0.5,19,91,NA,NA,NA
0.5,19,92,NA,NA,NA
0.5,19,93,NA,NA,NA
0.5,19,94,NA,NA,NA
0.5,19,95,NA,NA,NA
0.5,19,96,NA,NA,NA
0.5,19,97,NA,NA,NA
0.5,19,98,NA,NA,NA
0.5,19,99,NA,NA,NA
0.5,19,100,NA,NA,NA
0.5,19,101,NA,NA,NA
0.5,20,1,20,19,NA
0.5,20,2,20,20,NA
0.5,20,3,29,20,NA
0.5,20,4,87,119,NA
0.5,20,5,108,164,NA
0.5,20,6,58,136,NA
0.5,20,7,108,108,NA
0.5,20,8,34,146,NA
0.5,20,9,31,179,0
0.5,20,10,29,133,12
0.5,20,11,23,77,209
0.5,20,12,4,61,180
0.5,20,13,0,18,171
0.5,20,14,3,40,107
0.5,20,15,3,29,117
0.5,20,16,0,51,63
0.5,20,17,0,42,64
0.5,20,18,4,49,88
0.5,20,19,NA,50,67
0.5,20,20,NA,60,73
0.5,20,21,NA,62,75
0.5,20,22,NA,54,108
0.5,20,23,NA,47,144
0.5,20,24,NA,NA,NA
0.5,20,25,NA,NA,NA
0.5,20,26,NA,NA,NA
0.5,20,27,NA,NA,NA
0.5,20,28,NA,NA,NA
0.5,20,29,NA,NA,NA
0.5,20,30,NA,NA,NA
0.5,20,31,NA,NA,NA
0.5,20,32,NA,NA,NA
0.5,20,33,NA,NA,NA
0.5,20,34,NA,NA,NA
0.5,20,35,NA,NA,NA
0.5,20,36,NA,NA,NA
0.5,20,37,NA,NA,NA
0.5,20,38,NA,NA,NA
0.5,20,39,NA,NA,NA
0.5,20,40,NA,NA,NA
0.5,20,41,NA,NA,NA
0.5,20,42,NA,NA,NA
0.5,20,43,NA,NA,NA
0.5,20,44,NA,NA,NA
0.5,20,45,NA,NA,NA
0.5,20,46,NA,NA,NA
0.5,20,47,NA,NA,NA
0.5,20,48,NA,NA,NA
0.5,20,49,NA,NA,NA
0.5,20,50,NA,NA,NA
0.5,20,51,NA,NA,NA
0.5,20,52,NA,NA,NA
0.5,20,53,NA,NA,NA
0.5,20,54,NA,NA,NA
0.5,20,55,NA,NA,NA
0.5,20,56,NA,NA,NA
0.5,20,57,NA,NA,NA
0.5,20,58,NA,NA,NA
0.5,20,59,NA,NA,NA
0.5,20,60,NA,NA,NA
0.5,20,61,NA,NA,NA
0.5,20,62,NA,NA,NA
0.5,20,63,NA,NA,NA
0.5,20,64,NA,NA,NA
0.5,20,65,NA,NA,NA
0.5,20,66,NA,NA,NA
0.5,20,67,NA,NA,NA
0.5,20,68,NA,NA,NA
0.5,20,69,NA,NA,NA
0.5,20,70,NA,NA,NA
0.5,20,71,NA,NA,NA
0.5,20,72,NA,NA,NA
0.5,20,73,NA,NA,NA
0.5,20,74,NA,NA,NA
0.5,20,75,NA,NA,NA
0.5,20,76,NA,NA,NA
0.5,20,77,NA,NA,NA
0.5,20,78,NA,NA,NA
0.5,20,79,NA,NA,NA
0.5,20,80,NA,NA,NA
0.5,20,81,NA,NA,NA
0.5,20,82,NA,NA,NA
0.5,20,83,NA,NA,NA
0.5,20,84,NA,NA,NA
0.5,20,85,NA,NA,NA
0.5,20,86,NA,NA,NA
0.5,20,87,NA,NA,NA
0.5,20,88,NA,NA,NA
0.5,20,89,NA,NA,NA
0.5,20,90,NA,NA,NA
0.5,20,91,NA,NA,NA
0.5,20,92,NA,NA,NA
0.5,20,93,NA,NA,NA
0.5,20,94,NA,NA,NA
0.5,20,95,NA,NA,NA
0.5,20,96,NA,NA,NA
0.5,20,97,NA,NA,NA
0.5,20,98,NA,NA,NA
0.5,20,99,NA,NA,NA
0.5,20,100,NA,NA,NA
0.5,20,101,NA,NA,NA
0.5,21,1,20,21,NA
0.5,21,2,20,20,NA
0.5,21,3,49,23,NA
0.5,21,4,95,124,NA
0.5,21,5,84,154,0
0.5,21,6,46,131,13
0.5,21,7,49,72,173
0.5,21,8,14,60,225
0.5,21,9,9,32,171
0.5,21,10,7,43,145
0.5,21,11,9,28,82
0.5,21,12,13,31,91
0.5,21,13,6,27,79
0.5,21,14,9,44,83
0.5,21,15,6,29,75
0.5,21,16,8,49,82
0.5,21,17,6,38,85
0.5,21,18,7,51,93
0.5,21,19,6,54,63
0.5,21,20,1,54,77
0.5,21,21,6,54,82
0.5,21,22,0,42,61
0.5,21,23,4,86,102
0.5,21,24,0,60,142
0.5,21,25,2,79,112
0.5,21,26,0,56,97
0.5,21,27,NA,41,124
0.5,21,28,NA,62,150
0.5,21,29,NA,47,132
0.5,21,30,NA,42,121
0.5,21,31,NA,77,128
0.5,21,32,NA,51,97
0.5,21,33,NA,75,96
0.5,21,34,NA,55,143
0.5,21,35,NA,39,171
0.5,21,36,NA,37,202
0.5,21,37,NA,35,184
0.5,21,38,NA,33,148
0.5,21,39,NA,37,110
0.5,21,40,NA,47,86
0.5,21,41,NA,NA,NA
0.5,21,42,NA,NA,NA
0.5,21,43,NA,NA,NA
0.5,21,44,NA,NA,NA
0.5,21,45,NA,NA,NA
0.5,21,46,NA,NA,NA
0.5,21,47,NA,NA,NA
0.5,21,48,NA,NA,NA
0.5,21,49,NA,NA,NA
0.5,21,50,NA,NA,NA
0.5,21,51,NA,NA,NA
0.5,21,52,NA,NA,NA
0.5,21,53,NA,NA,NA
0.5,21,54,NA,NA,NA
0.5,21,55,NA,NA,NA
0.5,21,56,NA,NA,NA
0.5,21,57,NA,NA,NA
0.5,21,58,NA,NA,NA
0.5,21,59,NA,NA,NA
0.5,21,60,NA,NA,NA
0.5,21,61,NA,NA,NA
0.5,21,62,NA,NA,NA
0.5,21,63,NA,NA,NA
0.5,21,64,NA,NA,NA
0.5,21,65,NA,NA,NA
0.5,21,66,NA,NA,NA
0.5,21,67,NA,NA,NA
0.5,21,68,NA,NA,NA
0.5,21,69,NA,NA,NA
0.5,21,70,NA,NA,NA
0.5,21,71,NA,NA,NA
0.5,21,72,NA,NA,NA
0.5,21,73,NA,NA,NA
0.5,21,74,NA,NA,NA
0.5,21,75,NA,NA,NA
0.5,21,76,NA,NA,NA
0.5,21,77,NA,NA,NA
0.5,21,78,NA,NA,NA
0.5,21,79,NA,NA,NA
0.5,21,80,NA,NA,NA
0.5,21,81,NA,NA,NA
0.5,21,82,NA,NA,NA
0.5,21,83,NA,NA,NA
0.5,21,84,NA,NA,NA
0.5,21,85,NA,NA,NA
0.5,21,86,NA,NA,NA
0.5,21,87,NA,NA,NA
0.5,21,88,NA,NA,NA
0.5,21,89,NA,NA,NA
0.5,21,90,NA,NA,NA
0.5,21,91,NA,NA,NA
0.5,21,92,NA,NA,NA
0.5,21,93,NA,NA,NA
0.5,21,94,NA,NA,NA
0.5,21,95,NA,NA,NA
0.5,21,96,NA,NA,NA
0.5,21,97,NA,NA,NA
0.5,21,98,NA,NA,NA
0.5,21,99,NA,NA,NA
0.5,21,100,NA,NA,NA
0.5,21,101,NA,NA,NA
0.5,22,1,14,20,NA
0.5,22,2,20,20,NA
0.5,22,3,46,20,NA
0.5,22,4,102,131,NA
0.5,22,5,113,142,0
0.5,22,6,70,121,13
0.5,22,7,84,18,171
0.5,22,8,16,61,227
0.5,22,9,6,13,191
0.5,22,10,26,27,180
0.5,22,11,4,12,116
0.5,22,12,5,31,111
0.5,22,13,21,18,78
0.5,22,14,33,16,72
0.5,22,15,9,29,51
0.5,22,16,10,57,61
0.5,22,17,35,35,113
0.5,22,18,26,36,98
0.5,22,19,8,40,50
0.5,22,20,8,46,78
0.5,22,21,19,32,152
0.5,22,22,18,17,107
0.5,22,23,1,77,101
0.5,22,24,4,58,111
0.5,22,25,16,45,90
0.5,22,26,25,30,118
0.5,22,27,0,58,126
0.5,22,28,3,42,132
0.5,22,29,4,56,177
0.5,22,30,17,43,136
0.5,22,31,0,60,153
0.5,22,32,1,41,125
0.5,22,33,3,32,156
0.5,22,34,2,35,134
0.5,22,35,0,35,148
0.5,22,36,NA,50,144
0.5,22,37,NA,46,116
0.5,22,38,NA,51,127
0.5,22,39,NA,48,163
0.5,22,40,NA,32,138
0.5,22,41,NA,NA,NA
0.5,22,42,NA,NA,NA
0.5,22,43,NA,NA,NA
0.5,22,44,NA,NA,NA
0.5,22,45,NA,NA,NA
0.5,22,46,NA,NA,NA
0.5,22,47,NA,NA,NA
0.5,22,48,NA,NA,NA
0.5,22,49,NA,NA,NA
0.5,22,50,NA,NA,NA
0.5,22,51,NA,NA,NA
0.5,22,52,NA,NA,NA
0.5,22,53,NA,NA,NA
0.5,22,54,NA,NA,NA
0.5,22,55,NA,NA,NA
0.5,22,56,NA,NA,NA
0.5,22,57,NA,NA,NA
0.5,22,58,NA,NA,NA
0.5,22,59,NA,NA,NA
0.5,22,60,NA,NA,NA
0.5,22,61,NA,NA,NA
0.5,22,62,NA,NA,NA
0.5,22,63,NA,NA,NA
0.5,22,64,NA,NA,NA
0.5,22,65,NA,NA,NA
0.5,22,66,NA,NA,NA
0.5,22,67,NA,NA,NA
0.5,22,68,NA,NA,NA
0.5,22,69,NA,NA,NA
0.5,22,70,NA,NA,NA
0.5,22,71,NA,NA,NA
0.5,22,72,NA,NA,NA
0.5,22,73,NA,NA,NA
0.5,22,74,NA,NA,NA
0.5,22,75,NA,NA,NA
0.5,22,76,NA,NA,NA
0.5,22,77,NA,NA,NA
0.5,22,78,NA,NA,NA
0.5,22,79,NA,NA,NA
0.5,22,80,NA,NA,NA
0.5,22,81,NA,NA,NA
0.5,22,82,NA,NA,NA
0.5,22,83,NA,NA,NA
0.5,22,84,NA,NA,NA
0.5,22,85,NA,NA,NA
0.5,22,86,NA,NA,NA
0.5,22,87,NA,NA,NA
0.5,22,88,NA,NA,NA
0.5,22,89,NA,NA,NA
0.5,22,90,NA,NA,NA
0.5,22,91,NA,NA,NA
0.5,22,92,NA,NA,NA
0.5,22,93,NA,NA,NA
0.5,22,94,NA,NA,NA
0.5,22,95,NA,NA,NA
0.5,22,96,NA,NA,NA
0.5,22,97,NA,NA,NA
0.5,22,98,NA,NA,NA
0.5,22,99,NA,NA,NA
0.5,22,100,NA,NA,NA
0.5,22,101,NA,NA,NA
0.5,23,1,20,20,NA
0.5,23,2,20,20,NA
0.5,23,3,27,19,NA
0.5,23,4,122,91,NA
0.5,23,5,126,147,0
0.5,23,6,92,110,12
0.5,23,7,121,9,134
0.5,23,8,25,29,219
0.5,23,9,12,10,171
0.5,23,10,5,21,155
0.5,23,11,45,0,173
0.5,23,12,12,23,66
0.5,23,13,26,32,31
0.5,23,14,31,38,51
0.5,23,15,38,14,87
0.5,23,16,4,60,81
0.5,23,17,14,33,105
0.5,23,18,27,30,139
0.5,23,19,21,23,107
0.5,23,20,0,53,58
0.5,23,21,7,47,69
0.5,23,22,14,57,61
0.5,23,23,15,31,74
0.5,23,24,2,102,86
0.5,23,25,0,66,117
0.5,23,26,1,37,157
0.5,23,27,11,40,158
0.5,23,28,4,42,144
0.5,23,29,0,28,173
0.5,23,30,2,59,110
0.5,23,31,2,74,111
0.5,23,32,0,46,124
0.5,23,33,0,42,112
0.5,23,34,1,30,178
0.5,23,35,0,43,169
0.5,23,36,NA,60,116
0.5,23,37,NA,46,100
0.5,23,38,NA,30,145
0.5,23,39,NA,47,147
0.5,23,40,NA,56,149
0.5,23,41,NA,NA,NA
0.5,23,42,NA,NA,NA
0.5,23,43,NA,NA,NA
0.5,23,44,NA,NA,NA
0.5,23,45,NA,NA,NA
0.5,23,46,NA,NA,NA
0.5,23,47,NA,NA,NA
0.5,23,48,NA,NA,NA
0.5,23,49,NA,NA,NA
0.5,23,50,NA,NA,NA
0.5,23,51,NA,NA,NA
0.5,23,52,NA,NA,NA
0.5,23,53,NA,NA,NA
0.5,23,54,NA,NA,NA
0.5,23,55,NA,NA,NA
0.5,23,56,NA,NA,NA
0.5,23,57,NA,NA,NA
0.5,23,58,NA,NA,NA
0.5,23,59,NA,NA,NA
0.5,23,60,NA,NA,NA
0.5,23,61,NA,NA,NA
0.5,23,62,NA,NA,NA
0.5,23,63,NA,NA,NA
0.5,23,64,NA,NA,NA
0.5,23,65,NA,NA,NA
0.5,23,66,NA,NA,NA
0.5,23,67,NA,NA,NA
0.5,23,68,NA,NA,NA
0.5,23,69,NA,NA,NA
0.5,23,70,NA,NA,NA
0.5,23,71,NA,NA,NA
0.5,23,72,NA,NA,NA
0.5,23,73,NA,NA,NA
0.5,23,74,NA,NA,NA
0.5,23,75,NA,NA,NA
0.5,23,76,NA,NA,NA
0.5,23,77,NA,NA,NA
0.5,23,78,NA,NA,NA
0.5,23,79,NA,NA,NA
0.5,23,80,NA,NA,NA
0.5,23,81,NA,NA,NA
0.5,23,82,NA,NA,NA
0.5,23,83,NA,NA,NA
0.5,23,84,NA,NA,NA
0.5,23,85,NA,NA,NA
0.5,23,86,NA,NA,NA
0.5,23,87,NA,NA,NA
0.5,23,88,NA,NA,NA
0.5,23,89,NA,NA,NA
0.5,23,90,NA,NA,NA
0.5,23,91,NA,NA,NA
0.5,23,92,NA,NA,NA
0.5,23,93,NA,NA,NA
0.5,23,94,NA,NA,NA
0.5,23,95,NA,NA,NA
0.5,23,96,NA,NA,NA
0.5,23,97,NA,NA,NA
0.5,23,98,NA,NA,NA
0.5,23,99,NA,NA,NA
0.5,23,100,NA,NA,NA
0.5,23,101,NA,NA,NA
0.5,24,1,20,20,NA
0.5,24,2,20,20,NA
0.5,24,3,28,20,NA
0.5,24,4,137,89,NA
0.5,24,5,105,147,0
0.5,24,6,98,122,11
0.5,24,7,103,22,129
0.5,24,8,44,15,220
0.5,24,9,11,17,191
0.5,24,10,9,16,195
0.5,24,11,28,5,145
0.5,24,12,27,17,70
0.5,24,13,1,53,38
0.5,24,14,28,45,29
0.5,24,15,40,31,48
0.5,24,16,22,52,107
0.5,24,17,1,80,93
0.5,24,18,29,33,107
0.5,24,19,18,32,92
0.5,24,20,1,34,123
0.5,24,21,0,88,112
0.5,24,22,14,28,61
0.5,24,23,2,80,78
0.5,24,24,0,93,83
0.5,24,25,0,83,138
0.5,24,26,6,49,119
0.5,24,27,0,75,102
0.5,24,28,0,58,102
0.5,24,29,2,47,135
0.5,24,30,4,59,125
0.5,24,31,0,74,100
0.5,24,32,NA,61,84
0.5,24,33,NA,48,133
0.5,24,34,NA,44,174
0.5,24,35,NA,29,163
0.5,24,36,NA,38,48
0.5,24,37,NA,42,127
0.5,24,38,NA,39,129
0.5,24,39,NA,29,81
0.5,24,40,NA,63,80
0.5,24,41,NA,53,120
0.5,24,42,NA,42,112
0.5,24,43,NA,34,130
0.5,24,44,NA,37,130
0.5,24,45,NA,NA,NA
0.5,24,46,NA,NA,NA
0.5,24,47,NA,NA,NA
0.5,24,48,NA,NA,NA
0.5,24,49,NA,NA,NA
0.5,24,50,NA,NA,NA
0.5,24,51,NA,NA,NA
0.5,24,52,NA,NA,NA
0.5,24,53,NA,NA,NA
0.5,24,54,NA,NA,NA
0.5,24,55,NA,NA,NA
0.5,24,56,NA,NA,NA
0.5,24,57,NA,NA,NA
0.5,24,58,NA,NA,NA
0.5,24,59,NA,NA,NA
0.5,24,60,NA,NA,NA
0.5,24,61,NA,NA,NA
0.5,24,62,NA,NA,NA
0.5,24,63,NA,NA,NA
0.5,24,64,NA,NA,NA
0.5,24,65,NA,NA,NA
0.5,24,66,NA,NA,NA
0.5,24,67,NA,NA,NA
0.5,24,68,NA,NA,NA
0.5,24,69,NA,NA,NA
0.5,24,70,NA,NA,NA
0.5,24,71,NA,NA,NA
0.5,24,72,NA,NA,NA
0.5,24,73,NA,NA,NA
0.5,24,74,NA,NA,NA
0.5,24,75,NA,NA,NA
0.5,24,76,NA,NA,NA
0.5,24,77,NA,NA,NA
0.5,24,78,NA,NA,NA
0.5,24,79,NA,NA,NA
0.5,24,80,NA,NA,NA
0.5,24,81,NA,NA,NA
0.5,24,82,NA,NA,NA
0.5,24,83,NA,NA,NA
0.5,24,84,NA,NA,NA
0.5,24,85,NA,NA,NA
0.5,24,86,NA,NA,NA
0.5,24,87,NA,NA,NA
0.5,24,88,NA,NA,NA
0.5,24,89,NA,NA,NA
0.5,24,90,NA,NA,NA
0.5,24,91,NA,NA,NA
0.5,24,92,NA,NA,NA
0.5,24,93,NA,NA,NA
0.5,24,94,NA,NA,NA
0.5,24,95,NA,NA,NA
0.5,24,96,NA,NA,NA
0.5,24,97,NA,NA,NA
0.5,24,98,NA,NA,NA
0.5,24,99,NA,NA,NA
0.5,24,100,NA,NA,NA
0.5,24,101,NA,NA,NA
0.5,25,1,20,20,NA
0.5,25,2,20,19,NA
0.5,25,3,41,21,NA
0.5,25,4,96,109,NA
0.5,25,5,104,147,0
0.5,25,6,51,140,11
0.5,25,7,77,22,199
0.5,25,8,8,34,127
0.5,25,9,6,20,270
0.5,25,10,2,21,178
0.5,25,11,10,22,143
0.5,25,12,0,38,146
0.5,25,13,1,32,57
0.5,25,14,9,44,85
0.5,25,15,3,37,92
0.5,25,16,0,30,133
0.5,25,17,1,59,102
0.5,25,18,5,49,98
0.5,25,19,0,44,98
0.5,25,20,0,47,112
0.5,25,21,0,45,138
0.5,25,22,0,41,137
0.5,25,23,0,52,120
0.5,25,24,0,35,136
0.5,25,25,NA,NA,NA
0.5,25,26,NA,NA,NA
0.5,25,27,NA,NA,NA
0.5,25,28,NA,NA,NA
0.5,25,29,NA,NA,NA
0.5,25,30,NA,NA,NA
0.5,25,31,NA,NA,NA
0.5,25,32,NA,NA,NA
0.5,25,33,NA,NA,NA
0.5,25,34,NA,NA,NA
0.5,25,35,NA,NA,NA
0.5,25,36,NA,NA,NA
0.5,25,37,NA,NA,NA
0.5,25,38,NA,NA,NA
0.5,25,39,NA,NA,NA
0.5,25,40,NA,NA,NA
0.5,25,41,NA,NA,NA
0.5,25,42,NA,NA,NA
0.5,25,43,NA,NA,NA
0.5,25,44,NA,NA,NA
0.5,25,45,NA,NA,NA
0.5,25,46,NA,NA,NA
0.5,25,47,NA,NA,NA
0.5,25,48,NA,NA,NA
0.5,25,49,NA,NA,NA
0.5,25,50,NA,NA,NA
0.5,25,51,NA,NA,NA
0.5,25,52,NA,NA,NA
0.5,25,53,NA,NA,NA
0.5,25,54,NA,NA,NA
0.5,25,55,NA,NA,NA
0.5,25,56,NA,NA,NA
0.5,25,57,NA,NA,NA
0.5,25,58,NA,NA,NA
0.5,25,59,NA,NA,NA
0.5,25,60,NA,NA,NA
0.5,25,61,NA,NA,NA
0.5,25,62,NA,NA,NA
0.5,25,63,NA,NA,NA
0.5,25,64,NA,NA,NA
0.5,25,65,NA,NA,NA
0.5,25,66,NA,NA,NA
0.5,25,67,NA,NA,NA
0.5,25,68,NA,NA,NA
0.5,25,69,NA,NA,NA
0.5,25,70,NA,NA,NA
0.5,25,71,NA,NA,NA
0.5,25,72,NA,NA,NA
0.5,25,73,NA,NA,NA
0.5,25,74,NA,NA,NA
0.5,25,75,NA,NA,NA
0.5,25,76,NA,NA,NA
0.5,25,77,NA,NA,NA
0.5,25,78,NA,NA,NA
0.5,25,79,NA,NA,NA
0.5,25,80,NA,NA,NA
0.5,25,81,NA,NA,NA
0.5,25,82,NA,NA,NA
0.5,25,83,NA,NA,NA
0.5,25,84,NA,NA,NA
0.5,25,85,NA,NA,NA
0.5,25,86,NA,NA,NA
0.5,25,87,NA,NA,NA
0.5,25,88,NA,NA,NA
0.5,25,89,NA,NA,NA
0.5,25,90,NA,NA,NA
0.5,25,91,NA,NA,NA
0.5,25,92,NA,NA,NA
0.5,25,93,NA,NA,NA
0.5,25,94,NA,NA,NA
0.5,25,95,NA,NA,NA
0.5,25,96,NA,NA,NA
0.5,25,97,NA,NA,NA
0.5,25,98,NA,NA,NA
0.5,25,99,NA,NA,NA
0.5,25,100,NA,NA,NA
0.5,25,101,NA,NA,NA
0.8,26,1,20,20,NA
0.8,26,2,20,20,NA
0.8,26,3,19,20,NA
0.8,26,4,149,105,NA
0.8,26,5,139,164,NA
0.8,26,6,143,129,NA
0.8,26,7,128,56,NA
0.8,26,8,114,59,NA
0.8,26,9,60,134,0
0.8,26,10,51,97,12
0.8,26,11,33,14,152
0.8,26,12,7,5,261
0.8,26,13,5,11,253
0.8,26,14,3,19,86
0.8,26,15,6,6,27
0.8,26,16,4,17,16
0.8,26,17,4,31,48
0.8,26,18,3,14,59
0.8,26,19,18,10,42
0.8,26,20,13,22,82
0.8,26,21,0,31,51
0.8,26,22,10,10,74
0.8,26,23,20,14,48
0.8,26,24,8,11,70
0.8,26,25,1,34,66
0.8,26,26,14,18,71
0.8,26,27,8,12,68
0.8,26,28,6,21,48
0.8,26,29,2,37,65
0.8,26,30,2,25,62
0.8,26,31,11,16,51
0.8,26,32,5,36,93
0.8,26,33,0,39,64
0.8,26,34,0,25,89
0.8,26,35,8,21,68
0.8,26,36,0,35,95
0.8,26,37,NA,41,98
0.8,26,38,NA,17,46
0.8,26,39,NA,48,62
0.8,26,40,NA,47,117
0.8,26,41,NA,14,79
0.8,26,42,NA,37,97
0.8,26,43,NA,38,147
0.8,26,44,NA,23,79
0.8,26,45,NA,22,53
0.8,26,46,NA,37,68
0.8,26,47,NA,28,94
0.8,26,48,NA,27,50
0.8,26,49,NA,28,85
0.8,26,50,NA,32,114
0.8,26,51,NA,30,72
0.8,26,52,NA,29,80
0.8,26,53,NA,29,46
0.8,26,54,NA,28,65
0.8,26,55,NA,26,70
0.8,26,56,NA,27,78
0.8,26,57,NA,21,61
0.8,26,58,NA,NA,NA
0.8,26,59,NA,NA,NA
0.8,26,60,NA,NA,NA
0.8,26,61,NA,NA,NA
0.8,26,62,NA,NA,NA
0.8,26,63,NA,NA,NA
0.8,26,64,NA,NA,NA
0.8,26,65,NA,NA,NA
0.8,26,66,NA,NA,NA
0.8,26,67,NA,NA,NA
0.8,26,68,NA,NA,NA
0.8,26,69,NA,NA,NA
0.8,26,70,NA,NA,NA
0.8,26,71,NA,NA,NA
0.8,26,72,NA,NA,NA
0.8,26,73,NA,NA,NA
0.8,26,74,NA,NA,NA
0.8,26,75,NA,NA,NA
0.8,26,76,NA,NA,NA
0.8,26,77,NA,NA,NA
0.8,26,78,NA,NA,NA
0.8,26,79,NA,NA,NA
0.8,26,80,NA,NA,NA
0.8,26,81,NA,NA,NA
0.8,26,82,NA,NA,NA
0.8,26,83,NA,NA,NA
0.8,26,84,NA,NA,NA
0.8,26,85,NA,NA,NA
0.8,26,86,NA,NA,NA
0.8,26,87,NA,NA,NA
0.8,26,88,NA,NA,NA
0.8,26,89,NA,NA,NA
0.8,26,90,NA,NA,NA
0.8,26,91,NA,NA,NA
0.8,26,92,NA,NA,NA
0.8,26,93,NA,NA,NA
0.8,26,94,NA,NA,NA
0.8,26,95,NA,NA,NA
0.8,26,96,NA,NA,NA
0.8,26,97,NA,NA,NA
0.8,26,98,NA,NA,NA
0.8,26,99,NA,NA,NA
0.8,26,100,NA,NA,NA
0.8,26,101,NA,NA,NA
0.8,27,1,20,20,NA
0.8,27,2,20,18,NA
0.8,27,3,26,20,NA
0.8,27,4,144,101,NA
0.8,27,5,139,135,NA
0.8,27,6,121,136,NA
0.8,27,7,164,49,NA
0.8,27,8,163,52,NA
0.8,27,9,112,69,0
0.8,27,10,56,65,11
0.8,27,11,82,9,101
0.8,27,12,7,3,271
0.8,27,13,6,11,273
0.8,27,14,17,5,81
0.8,27,15,11,1,25
0.8,27,16,3,7,8
0.8,27,17,50,1,50
0.8,27,18,19,0,32
0.8,27,19,9,7,29
0.8,27,20,39,25,55
0.8,27,21,27,0,81
0.8,27,22,21,0,41
0.8,27,23,18,17,41
0.8,27,24,33,8,82
0.8,27,25,16,1,71
0.8,27,26,19,0,93
0.8,27,27,32,5,57
0.8,27,28,15,1,72
0.8,27,29,28,0,79
0.8,27,30,35,NA,50
0.8,27,31,26,NA,139
0.8,27,32,17,NA,71
0.8,27,33,30,NA,41
0.8,27,34,28,NA,98
0.8,27,35,30,NA,36
0.8,27,36,32,NA,74
0.8,27,37,38,NA,143
0.8,27,38,15,NA,40
0.8,27,39,24,NA,88
0.8,27,40,26,NA,72
0.8,27,41,24,NA,69
0.8,27,42,26,NA,91
0.8,27,43,23,NA,67
0.8,27,44,36,NA,54
0.8,27,45,32,NA,51
0.8,27,46,38,NA,109
0.8,27,47,28,NA,92
0.8,27,48,29,NA,111
0.8,27,49,22,NA,88
0.8,27,50,19,NA,93
0.8,27,51,34,NA,75
0.8,27,52,22,NA,79
0.8,27,53,23,NA,58
0.8,27,54,35,NA,98
0.8,27,55,26,NA,76
0.8,27,56,34,NA,62
0.8,27,57,27,NA,37
0.8,27,58,NA,NA,NA
0.8,27,59,NA,NA,NA
0.8,27,60,NA,NA,NA
0.8,27,61,NA,NA,NA
0.8,27,62,NA,NA,NA
0.8,27,63,NA,NA,NA
0.8,27,64,NA,NA,NA
0.8,27,65,NA,NA,NA
0.8,27,66,NA,NA,NA
0.8,27,67,NA,NA,NA
0.8,27,68,NA,NA,NA
0.8,27,69,NA,NA,NA
0.8,27,70,NA,NA,NA
0.8,27,71,NA,NA,NA
0.8,27,72,NA,NA,NA
0.8,27,73,NA,NA,NA
0.8,27,74,NA,NA,NA
0.8,27,75,NA,NA,NA
0.8,27,76,NA,NA,NA
0.8,27,77,NA,NA,NA
0.8,27,78,NA,NA,NA
0.8,27,79,NA,NA,NA
0.8,27,80,NA,NA,NA
0.8,27,81,NA,NA,NA
0.8,27,82,NA,NA,NA
0.8,27,83,NA,NA,NA
0.8,27,84,NA,NA,NA
0.8,27,85,NA,NA,NA
0.8,27,86,NA,NA,NA
0.8,27,87,NA,NA,NA
0.8,27,88,NA,NA,NA
0.8,27,89,NA,NA,NA
0.8,27,90,NA,NA,NA
0.8,27,91,NA,NA,NA
0.8,27,92,NA,NA,NA
0.8,27,93,NA,NA,NA
0.8,27,94,NA,NA,NA
0.8,27,95,NA,NA,NA
0.8,27,96,NA,NA,NA
0.8,27,97,NA,NA,NA
0.8,27,98,NA,NA,NA
0.8,27,99,NA,NA,NA
0.8,27,100,NA,NA,NA
0.8,27,101,NA,NA,NA
0.8,28,1,20,20,NA
0.8,28,2,19,20,NA
0.8,28,3,22,20,NA
0.8,28,4,170,111,NA
0.8,28,5,142,153,NA
0.8,28,6,128,133,NA
0.8,28,7,105,69,NA
0.8,28,8,126,73,NA
0.8,28,9,78,97,0
0.8,28,10,29,137,12
0.8,28,11,48,21,164
0.8,28,12,12,8,277
0.8,28,13,3,11,177
0.8,28,14,8,30,78
0.8,28,15,18,2,76
0.8,28,16,5,15,32
0.8,28,17,3,42,55
0.8,28,18,18,18,94
0.8,28,19,0,9,62
0.8,28,20,7,54,76
0.8,28,21,0,31,71
0.8,28,22,6,10,48
0.8,28,23,1,36,30
0.8,28,24,0,77,105
0.8,28,25,4,33,83
0.8,28,26,17,6,58
0.8,28,27,1,36,113
0.8,28,28,0,36,92
0.8,28,29,8,22,121
0.8,28,30,12,12,89
0.8,28,31,2,31,120
0.8,28,32,0,34,91
0.8,28,33,8,24,52
0.8,28,34,10,17,70
0.8,28,35,0,33,106
0.8,28,36,1,24,77
0.8,28,37,0,40,102
0.8,28,38,NA,16,30
0.8,28,39,NA,37,53
0.8,28,40,NA,44,63
0.8,28,41,NA,21,94
0.8,28,42,NA,44,81
0.8,28,43,NA,51,71
0.8,28,44,NA,29,70
0.8,28,45,NA,24,43
0.8,28,46,NA,42,158
0.8,28,47,NA,28,118
0.8,28,48,NA,34,62
0.8,28,49,NA,34,87
0.8,28,50,NA,31,82
0.8,28,51,NA,35,84
0.8,28,52,NA,23,101
0.8,28,53,NA,35,71
0.8,28,54,NA,34,114
0.8,28,55,NA,27,82
0.8,28,56,NA,32,72
0.8,28,57,NA,40,62
0.8,28,58,NA,NA,NA
0.8,28,59,NA,NA,NA
0.8,28,60,NA,NA,NA
0.8,28,61,NA,NA,NA
0.8,28,62,NA,NA,NA
0.8,28,63,NA,NA,NA
0.8,28,64,NA,NA,NA
0.8,28,65,NA,NA,NA
0.8,28,66,NA,NA,NA
0.8,28,67,NA,NA,NA
0.8,28,68,NA,NA,NA
0.8,28,69,NA,NA,NA
0.8,28,70,NA,NA,NA
0.8,28,71,NA,NA,NA
0.8,28,72,NA,NA,NA
0.8,28,73,NA,NA,NA
0.8,28,74,NA,NA,NA
0.8,28,75,NA,NA,NA
0.8,28,76,NA,NA,NA
0.8,28,77,NA,NA,NA
0.8,28,78,NA,NA,NA
0.8,28,79,NA,NA,NA
0.8,28,80,NA,NA,NA
0.8,28,81,NA,NA,NA
0.8,28,82,NA,NA,NA
0.8,28,83,NA,NA,NA
0.8,28,84,NA,NA,NA
0.8,28,85,NA,NA,NA
0.8,28,86,NA,NA,NA
0.8,28,87,NA,NA,NA
0.8,28,88,NA,NA,NA
0.8,28,89,NA,NA,NA
0.8,28,90,NA,NA,NA
0.8,28,91,NA,NA,NA
0.8,28,92,NA,NA,NA
0.8,28,93,NA,NA,NA
0.8,28,94,NA,NA,NA
0.8,28,95,NA,NA,NA
0.8,28,96,NA,NA,NA
0.8,28,97,NA,NA,NA
0.8,28,98,NA,NA,NA
0.8,28,99,NA,NA,NA
0.8,28,100,NA,NA,NA
0.8,28,101,NA,NA,NA
0.8,29,1,20,20,NA
0.8,29,2,20,20,NA
0.8,29,3,38,22,NA
0.8,29,4,102,122,NA
0.8,29,5,75,133,NA
0.8,29,6,86,130,NA
0.8,29,7,81,84,NA
0.8,29,8,23,105,NA
0.8,29,9,29,103,0
0.8,29,10,32,65,12
0.8,29,11,14,22,246
0.8,29,12,2,10,253
0.8,29,13,1,4,192
0.8,29,14,3,12,68
0.8,29,15,0,13,27
0.8,29,16,0,1,1
0.8,29,17,17,12,26
0.8,29,18,1,31,32
0.8,29,19,1,18,41
0.8,29,20,18,4,45
0.8,29,21,14,18,65
0.8,29,22,0,19,61
0.8,29,23,9,13,71
0.8,29,24,11,4,117
0.8,29,25,0,17,28
0.8,29,26,3,21,51
0.8,29,27,8,26,52
0.8,29,28,3,10,50
0.8,29,29,0,19,44
0.8,29,30,1,27,72
0.8,29,31,2,31,36
0.8,29,32,0,22,59
0.8,29,33,NA,27,46
0.8,29,34,NA,29,41
0.8,29,35,NA,49,116
0.8,29,36,NA,NA,NA
0.8,29,37,NA,NA,NA
0.8,29,38,NA,NA,NA
0.8,29,39,NA,NA,NA
0.8,29,40,NA,NA,NA
0.8,29,41,NA,NA,NA
0.8,29,42,NA,NA,NA
0.8,29,43,NA,NA,NA
0.8,29,44,NA,NA,NA
0.8,29,45,NA,NA,NA
0.8,29,46,NA,NA,NA
0.8,29,47,NA,NA,NA
0.8,29,48,NA,NA,NA
0.8,29,49,NA,NA,NA
0.8,29,50,NA,NA,NA
0.8,29,51,NA,NA,NA
0.8,29,52,NA,NA,NA
0.8,29,53,NA,NA,NA
0.8,29,54,NA,NA,NA
0.8,29,55,NA,NA,NA
0.8,29,56,NA,NA,NA
0.8,29,57,NA,NA,NA
0.8,29,58,NA,NA,NA
0.8,29,59,NA,NA,NA
0.8,29,60,NA,NA,NA
0.8,29,61,NA,NA,NA
0.8,29,62,NA,NA,NA
0.8,29,63,NA,NA,NA
0.8,29,64,NA,NA,NA
0.8,29,65,NA,NA,NA
0.8,29,66,NA,NA,NA
0.8,29,67,NA,NA,NA
0.8,29,68,NA,NA,NA
0.8,29,69,NA,NA,NA
0.8,29,70,NA,NA,NA
0.8,29,71,NA,NA,NA
0.8,29,72,NA,NA,NA
0.8,29,73,NA,NA,NA
0.8,29,74,NA,NA,NA
0.8,29,75,NA,NA,NA
0.8,29,76,NA,NA,NA
0.8,29,77,NA,NA,NA
0.8,29,78,NA,NA,NA
0.8,29,79,NA,NA,NA
0.8,29,80,NA,NA,NA
0.8,29,81,NA,NA,NA
0.8,29,82,NA,NA,NA
0.8,29,83,NA,NA,NA
0.8,29,84,NA,NA,NA
0.8,29,85,NA,NA,NA
0.8,29,86,NA,NA,NA
0.8,29,87,NA,NA,NA
0.8,29,88,NA,NA,NA
0.8,29,89,NA,NA,NA
0.8,29,90,NA,NA,NA
0.8,29,91,NA,NA,NA
0.8,29,92,NA,NA,NA
0.8,29,93,NA,NA,NA
0.8,29,94,NA,NA,NA
0.8,29,95,NA,NA,NA
0.8,29,96,NA,NA,NA
0.8,29,97,NA,NA,NA
0.8,29,98,NA,NA,NA
0.8,29,99,NA,NA,NA
0.8,29,100,NA,NA,NA
0.8,29,101,NA,NA,NA
0.8,30,1,20,20,NA
0.8,30,2,20,20,NA
0.8,30,3,47,23,NA
0.8,30,4,116,109,NA
0.8,30,5,115,126,0
0.8,30,6,44,124,12
0.8,30,7,21,33,258
0.8,30,8,10,6,333
0.8,30,9,6,1,228
0.8,30,10,7,4,103
0.8,30,11,1,5,61
0.8,30,12,3,3,29
0.8,30,13,2,1,7
0.8,30,14,16,7,32
0.8,30,15,9,8,22
0.8,30,16,1,5,24
0.8,30,17,14,4,9
0.8,30,18,9,7,64
0.8,30,19,15,16,31
0.8,30,20,2,14,51
0.8,30,21,27,4,52
0.8,30,22,5,2,26
0.8,30,23,12,22,77
0.8,30,24,4,21,76
0.8,30,25,21,1,58
0.8,30,26,9,14,68
0.8,30,27,7,22,69
0.8,30,28,4,25,70
0.8,30,29,22,1,54
0.8,30,30,4,17,60
0.8,30,31,6,42,108
0.8,30,32,12,12,99
0.8,30,33,14,2,53
0.8,30,34,8,17,101
0.8,30,35,1,15,92
0.8,30,36,20,1,68
0.8,30,37,13,10,53
0.8,30,38,0,36,96
0.8,30,39,15,6,87
0.8,30,40,15,5,77
0.8,30,41,7,11,63
0.8,30,42,1,23,114
0.8,30,43,13,2,81
0.8,30,44,6,13,57
0.8,30,45,0,21,92
0.8,30,46,6,8,40
0.8,30,47,22,1,52
0.8,30,48,0,20,58
0.8,30,49,0,21,78
0.8,30,50,31,5,72
0.8,30,51,18,1,72
0.8,30,52,0,21,49
0.8,30,53,3,7,46
0.8,30,54,23,0,112
0.8,30,55,6,16,49
0.8,30,56,0,10,99
0.8,30,57,17,5,73
0.8,30,58,17,3,48
0.8,30,59,0,13,42
0.8,30,60,2,15,23
0.8,30,61,20,-1,140
0.8,30,62,9,2,40
0.8,30,63,0,26,47
0.8,30,64,5,4,55
0.8,30,65,19,0,35
0.8,30,66,8,19,80
0.8,30,67,0,11,42
0.8,30,68,18,0,41
0.8,30,69,17,2,51
0.8,30,70,2,19,49
0.8,30,71,16,6,24
0.8,30,72,30,2,69
0.8,30,73,7,6,56
0.8,30,74,3,14,54
0.8,30,75,16,-1,56
0.8,30,76,20,1,50
0.8,30,77,1,19,57
0.8,30,78,28,11,57
0.8,30,79,2,-1,50
0.8,30,80,8,7,57
0.8,30,81,1,29,154
0.8,30,82,37,1,54
0.8,30,83,1,14,41
0.8,30,84,17,7,54
0.8,30,85,4,0,66
0.8,30,86,10,4,31
0.8,30,87,11,18,62
0.8,30,88,17,8,44
0.8,30,89,16,0,35
0.8,30,90,6,21,71
0.8,30,91,9,10,67
0.8,30,92,13,0,51
0.8,30,93,11,13,67
0.8,30,94,8,13,52
0.8,30,95,24,2,33
0.8,30,96,10,5,56
0.8,30,97,10,13,91
0.8,30,98,8,9,69
0.8,30,99,16,0,-14
0.8,30,100,5,7,26
0.8,30,101,4,7,8
0.8,31,1,20,20,NA
0.8,31,2,20,20,NA
0.8,31,3,44,19,NA
0.8,31,4,116,126,NA
0.8,31,5,117,146,0
0.8,31,6,41,120,10
0.8,31,7,27,24,215
0.8,31,8,7,17,354
0.8,31,9,0,7,182
0.8,31,10,11,6,111
0.8,31,11,4,10,64
0.8,31,12,0,13,27
0.8,31,13,4,3,17
0.8,31,14,17,8,50
0.8,31,15,0,7,34
0.8,31,16,0,25,40
0.8,31,17,12,16,73
0.8,31,18,2,13,56
0.8,31,19,0,24,35
0.8,31,20,0,30,90
0.8,31,21,7,8,85
0.8,31,22,0,14,26
0.8,31,23,0,40,38
0.8,31,24,0,34,96
0.8,31,25,4,18,111
0.8,31,26,0,25,100
0.8,31,27,0,25,109
0.8,31,28,0,20,85
0.8,31,29,3,22,102
0.8,31,30,0,22,80
0.8,31,31,NA,17,84
0.8,31,32,NA,26,99
0.8,31,33,NA,25,112
0.8,31,34,NA,9,78
0.8,31,35,NA,24,71
0.8,31,36,NA,31,79
0.8,31,37,NA,29,65
0.8,31,38,NA,21,84
0.8,31,39,NA,15,66
0.8,31,40,NA,26,55
0.8,31,41,NA,NA,NA
0.8,31,42,NA,NA,NA
0.8,31,43,NA,NA,NA
0.8,31,44,NA,NA,NA
0.8,31,45,NA,NA,NA
0.8,31,46,NA,NA,NA
0.8,31,47,NA,NA,NA
0.8,31,48,NA,NA,NA
0.8,31,49,NA,NA,NA
0.8,31,50,NA,NA,NA
0.8,31,51,NA,NA,NA
0.8,31,52,NA,NA,NA
0.8,31,53,NA,NA,NA
0.8,31,54,NA,NA,NA
0.8,31,55,NA,NA,NA
0.8,31,56,NA,NA,NA
0.8,31,57,NA,NA,NA
0.8,31,58,NA,NA,NA
0.8,31,59,NA,NA,NA
0.8,31,60,NA,NA,NA
0.8,31,61,NA,NA,NA
0.8,31,62,NA,NA,NA
0.8,31,63,NA,NA,NA
0.8,31,64,NA,NA,NA
0.8,31,65,NA,NA,NA
0.8,31,66,NA,NA,NA
0.8,31,67,NA,NA,NA
0.8,31,68,NA,NA,NA
0.8,31,69,NA,NA,NA
0.8,31,70,NA,NA,NA
0.8,31,71,NA,NA,NA
0.8,31,72,NA,NA,NA
0.8,31,73,NA,NA,NA
0.8,31,74,NA,NA,NA
0.8,31,75,NA,NA,NA
0.8,31,76,NA,NA,NA
0.8,31,77,NA,NA,NA
0.8,31,78,NA,NA,NA
0.8,31,79,NA,NA,NA
0.8,31,80,NA,NA,NA
0.8,31,81,NA,NA,NA
0.8,31,82,NA,NA,NA
0.8,31,83,NA,NA,NA
0.8,31,84,NA,NA,NA
0.8,31,85,NA,NA,NA
0.8,31,86,NA,NA,NA
0.8,31,87,NA,NA,NA
0.8,31,88,NA,NA,NA
0.8,31,89,NA,NA,NA
0.8,31,90,NA,NA,NA
0.8,31,91,NA,NA,NA
0.8,31,92,NA,NA,NA
0.8,31,93,NA,NA,NA
0.8,31,94,NA,NA,NA
0.8,31,95,NA,NA,NA
0.8,31,96,NA,NA,NA
0.8,31,97,NA,NA,NA
0.8,31,98,NA,NA,NA
0.8,31,99,NA,NA,NA
0.8,31,100,NA,NA,NA
0.8,31,101,NA,NA,NA
0.8,32,1,20,20,NA
0.8,32,2,20,19,NA
0.8,32,3,34,20,NA
0.8,32,4,150,78,NA
0.8,32,5,83,134,0
0.8,32,6,67,132,12
0.8,32,7,72,5,150
0.8,32,8,13,8,360
0.8,32,9,4,7,149
0.8,32,10,6,13,145
0.8,32,11,17,0,80
0.8,32,12,5,3,43
0.8,32,13,2,14,15
0.8,32,14,18,20,24
0.8,32,15,25,4,60
0.8,32,16,13,8,46
0.8,32,17,0,34,44
0.8,32,18,19,15,89
0.8,32,19,26,0,41
0.8,32,20,4,35,83
0.8,32,21,0,38,77
0.8,32,22,21,9,90
0.8,32,23,21,2,69
0.8,32,24,3,42,119
0.8,32,25,0,40,69
0.8,32,26,13,8,70
0.8,32,27,20,5,76
0.8,32,28,1,35,106
0.8,32,29,0,39,86
0.8,32,30,21,7,66
0.8,32,31,12,9,132
0.8,32,32,0,24,81
0.8,32,33,0,34,118
0.8,32,34,13,3,116
0.8,32,35,9,17,99
0.8,32,36,0,15,55
0.8,32,37,4,27,62
0.8,32,38,5,6,47
0.8,32,39,12,18,62
0.8,32,40,0,16,71
0.8,32,41,3,16,83
0.8,32,42,21,5,78
0.8,32,43,0,4,39
0.8,32,44,0,28,44
0.8,32,45,10,13,46
0.8,32,46,4,16,46
0.8,32,47,0,24,35
0.8,32,48,0,21,77
0.8,32,49,1,13,108
0.8,32,50,0,10,70
0.8,32,51,NA,13,75
0.8,32,52,NA,10,39
0.8,32,53,NA,7,26
0.8,32,54,NA,NA,NA
0.8,32,55,NA,NA,NA
0.8,32,56,NA,NA,NA
0.8,32,57,NA,NA,NA
0.8,32,58,NA,NA,NA
0.8,32,59,NA,NA,NA
0.8,32,60,NA,NA,NA
0.8,32,61,NA,NA,NA
0.8,32,62,NA,NA,NA
0.8,32,63,NA,NA,NA
0.8,32,64,NA,NA,NA
0.8,32,65,NA,NA,NA
0.8,32,66,NA,NA,NA
0.8,32,67,NA,NA,NA
0.8,32,68,NA,NA,NA
0.8,32,69,NA,NA,NA
0.8,32,70,NA,NA,NA
0.8,32,71,NA,NA,NA
0.8,32,72,NA,NA,NA
0.8,32,73,NA,NA,NA
0.8,32,74,NA,NA,NA
0.8,32,75,NA,NA,NA
0.8,32,76,NA,NA,NA
0.8,32,77,NA,NA,NA
0.8,32,78,NA,NA,NA
0.8,32,79,NA,NA,NA
0.8,32,80,NA,NA,NA
0.8,32,81,NA,NA,NA
0.8,32,82,NA,NA,NA
0.8,32,83,NA,NA,NA
0.8,32,84,NA,NA,NA
0.8,32,85,NA,NA,NA
0.8,32,86,NA,NA,NA
0.8,32,87,NA,NA,NA
0.8,32,88,NA,NA,NA
0.8,32,89,NA,NA,NA
0.8,32,90,NA,NA,NA
0.8,32,91,NA,NA,NA
0.8,32,92,NA,NA,NA
0.8,32,93,NA,NA,NA
0.8,32,94,NA,NA,NA
0.8,32,95,NA,NA,NA
0.8,32,96,NA,NA,NA
0.8,32,97,NA,NA,NA
0.8,32,98,NA,NA,NA
0.8,32,99,NA,NA,NA
0.8,32,100,NA,NA,NA
0.8,32,101,NA,NA,NA
0.8,33,1,20,20,NA
0.8,33,2,19,20,NA
0.8,33,3,46,24,NA
0.8,33,4,121,99,NA
0.8,33,5,94,106,0
0.8,33,6,93,101,11
0.8,33,7,51,11,155
0.8,33,8,9,6,358
0.8,33,9,1,0,181
0.8,33,10,8,8,121
0.8,33,11,21,5,72
0.8,33,12,2,9,28
0.8,33,13,11,2,17
0.8,33,14,26,10,33
0.8,33,15,15,10,84
0.8,33,16,2,14,49
0.8,33,17,35,2,28
0.8,33,18,21,12,95
0.8,33,19,11,15,78
0.8,33,20,3,25,43
0.8,33,21,28,11,73
0.8,33,22,0,25,106
0.8,33,23,9,23,96
0.8,33,24,1,21,49
0.8,33,25,16,5,113
0.8,33,26,0,34,99
0.8,33,27,5,22,105
0.8,33,28,0,27,64
0.8,33,29,18,8,57
0.8,33,30,1,43,106
0.8,33,31,2,32,123
0.8,33,32,0,25,80
0.8,33,33,15,7,72
0.8,33,34,0,32,132
0.8,33,35,0,25,115
0.8,33,36,0,20,70
0.8,33,37,10,10,72
0.8,33,38,0,28,100
0.8,33,39,0,23,99
0.8,33,40,1,18,107
0.8,33,41,10,8,96
0.8,33,42,0,24,62
0.8,33,43,0,16,40
0.8,33,44,3,27,55
0.8,33,45,6,14,61
0.8,33,46,0,42,81
0.8,33,47,NA,14,76
0.8,33,48,NA,16,192
0.8,33,49,NA,13,114
0.8,33,50,NA,14,116
0.8,33,51,NA,14,61
0.8,33,52,NA,3,31
0.8,33,53,NA,NA,NA
0.8,33,54,NA,NA,NA
0.8,33,55,NA,NA,NA
0.8,33,56,NA,NA,NA
0.8,33,57,NA,NA,NA
0.8,33,58,NA,NA,NA
0.8,33,59,NA,NA,NA
0.8,33,60,NA,NA,NA
0.8,33,61,NA,NA,NA
0.8,33,62,NA,NA,NA
0.8,33,63,NA,NA,NA
0.8,33,64,NA,NA,NA
0.8,33,65,NA,NA,NA
0.8,33,66,NA,NA,NA
0.8,33,67,NA,NA,NA
0.8,33,68,NA,NA,NA
0.8,33,69,NA,NA,NA
0.8,33,70,NA,NA,NA
0.8,33,71,NA,NA,NA
0.8,33,72,NA,NA,NA
0.8,33,73,NA,NA,NA
0.8,33,74,NA,NA,NA
0.8,33,75,NA,NA,NA
0.8,33,76,NA,NA,NA
0.8,33,77,NA,NA,NA
0.8,33,78,NA,NA,NA
0.8,33,79,NA,NA,NA
0.8,33,80,NA,NA,NA
0.8,33,81,NA,NA,NA
0.8,33,82,NA,NA,NA
0.8,33,83,NA,NA,NA
0.8,33,84,NA,NA,NA
0.8,33,85,NA,NA,NA
0.8,33,86,NA,NA,NA
0.8,33,87,NA,NA,NA
0.8,33,88,NA,NA,NA
0.8,33,89,NA,NA,NA
0.8,33,90,NA,NA,NA
0.8,33,91,NA,NA,NA
0.8,33,92,NA,NA,NA
0.8,33,93,NA,NA,NA
0.8,33,94,NA,NA,NA
0.8,33,95,NA,NA,NA
0.8,33,96,NA,NA,NA
0.8,33,97,NA,NA,NA
0.8,33,98,NA,NA,NA
0.8,33,99,NA,NA,NA
0.8,33,100,NA,NA,NA
0.8,33,101,NA,NA,NA
0.8,34,1,20,20,NA
0.8,34,2,20,20,NA
0.8,34,3,44,20,NA
0.8,34,4,112,112,NA
0.8,34,5,105,151,0
0.8,34,6,72,123,10
0.8,34,7,14,0,268
0.8,34,8,5,12,376
0.8,34,9,1,2,205
0.8,34,10,6,18,123
0.8,34,11,15,7,73
0.8,34,12,0,4,46
0.8,34,13,11,8,37
0.8,34,14,12,23,53
0.8,34,15,7,15,63
0.8,34,16,8,3,54
0.8,34,17,13,23,88
0.8,34,18,14,8,102
0.8,34,19,2,13,33
0.8,34,20,24,5,108
0.8,34,21,3,26,98
0.8,34,22,4,14,74
0.8,34,23,10,8,110
0.8,34,24,14,7,105
0.8,34,25,3,14,78
0.8,34,26,8,16,81
0.8,34,27,8,13,26
0.8,34,28,2,9,53
0.8,34,29,0,29,95
0.8,34,30,3,24,50
0.8,34,31,4,13,58
0.8,34,32,0,12,31
0.8,34,33,0,28,62
0.8,34,34,5,22,44
0.8,34,35,0,15,55
0.8,34,36,1,40,79
0.8,34,37,0,44,72
0.8,34,38,0,31,89
0.8,34,39,0,25,37
0.8,34,40,0,39,78
0.8,34,41,NA,NA,NA
0.8,34,42,NA,NA,NA
0.8,34,43,NA,NA,NA
0.8,34,44,NA,NA,NA
0.8,34,45,NA,NA,NA
0.8,34,46,NA,NA,NA
0.8,34,47,NA,NA,NA
0.8,34,48,NA,NA,NA
0.8,34,49,NA,NA,NA
0.8,34,50,NA,NA,NA
0.8,34,51,NA,NA,NA
0.8,34,52,NA,NA,NA
0.8,34,53,NA,NA,NA
0.8,34,54,NA,NA,NA
0.8,34,55,NA,NA,NA
0.8,34,56,NA,NA,NA
0.8,34,57,NA,NA,NA
0.8,34,58,NA,NA,NA
0.8,34,59,NA,NA,NA
0.8,34,60,NA,NA,NA
0.8,34,61,NA,NA,NA
0.8,34,62,NA,NA,NA
0.8,34,63,NA,NA,NA
0.8,34,64,NA,NA,NA
0.8,34,65,NA,NA,NA
0.8,34,66,NA,NA,NA
0.8,34,67,NA,NA,NA
0.8,34,68,NA,NA,NA
0.8,34,69,NA,NA,NA
0.8,34,70,NA,NA,NA
0.8,34,71,NA,NA,NA
0.8,34,72,NA,NA,NA
0.8,34,73,NA,NA,NA
0.8,34,74,NA,NA,NA
0.8,34,75,NA,NA,NA
0.8,34,76,NA,NA,NA
0.8,34,77,NA,NA,NA
0.8,34,78,NA,NA,NA
0.8,34,79,NA,NA,NA
0.8,34,80,NA,NA,NA
0.8,34,81,NA,NA,NA
0.8,34,82,NA,NA,NA
0.8,34,83,NA,NA,NA
0.8,34,84,NA,NA,NA
0.8,34,85,NA,NA,NA
0.8,34,86,NA,NA,NA
0.8,34,87,NA,NA,NA
0.8,34,88,NA,NA,NA
0.8,34,89,NA,NA,NA
0.8,34,90,NA,NA,NA
0.8,34,91,NA,NA,NA
0.8,34,92,NA,NA,NA
0.8,34,93,NA,NA,NA
0.8,34,94,NA,NA,NA
0.8,34,95,NA,NA,NA
0.8,34,96,NA,NA,NA
0.8,34,97,NA,NA,NA
0.8,34,98,NA,NA,NA
0.8,34,99,NA,NA,NA
0.8,34,100,NA,NA,NA
0.8,34,101,NA,NA,NA
1,35,1,20,20,NA
1,35,2,19,19,NA
1,35,3,20,20,NA
1,35,4,156,122,NA
1,35,5,131,134,NA
1,35,6,142,101,NA
1,35,7,81,103,NA
1,35,8,86,61,NA
1,35,9,66,86,0
1,35,10,17,97,12
1,35,11,6,7,176
1,35,12,0,4,285
1,35,13,NA,0,219
1,35,14,NA,NA,60
1,35,15,NA,NA,10
1,35,16,NA,NA,0
1,35,17,NA,NA,1
1,35,18,NA,NA,0
1,35,19,NA,NA,NA
1,35,20,NA,NA,NA
1,35,21,NA,NA,NA
1,35,22,NA,NA,NA
1,35,23,NA,NA,NA
1,35,24,NA,NA,NA
1,35,25,NA,NA,NA
1,35,26,NA,NA,NA
1,35,27,NA,NA,NA
1,35,28,NA,NA,NA
1,35,29,NA,NA,NA
1,35,30,NA,NA,NA
1,35,31,NA,NA,NA
1,35,32,NA,NA,NA
1,35,33,NA,NA,NA
1,35,34,NA,NA,NA
1,35,35,NA,NA,NA
1,35,36,NA,NA,NA
1,35,37,NA,NA,NA
1,35,38,NA,NA,NA
1,35,39,NA,NA,NA
1,35,40,NA,NA,NA
1,35,41,NA,NA,NA
1,35,42,NA,NA,NA
1,35,43,NA,NA,NA
1,35,44,NA,NA,NA
1,35,45,NA,NA,NA
1,35,46,NA,NA,NA
1,35,47,NA,NA,NA
1,35,48,NA,NA,NA
1,35,49,NA,NA,NA
1,35,50,NA,NA,NA
1,35,51,NA,NA,NA
1,35,52,NA,NA,NA
1,35,53,NA,NA,NA
1,35,54,NA,NA,NA
1,35,55,NA,NA,NA
1,35,56,NA,NA,NA
1,35,57,NA,NA,NA
1,35,58,NA,NA,NA
1,35,59,NA,NA,NA
1,35,60,NA,NA,NA
1,35,61,NA,NA,NA
1,35,62,NA,NA,NA
1,35,63,NA,NA,NA
1,35,64,NA,NA,NA
1,35,65,NA,NA,NA
1,35,66,NA,NA,NA
1,35,67,NA,NA,NA
1,35,68,NA,NA,NA
1,35,69,NA,NA,NA
1,35,70,NA,NA,NA
1,35,71,NA,NA,NA
1,35,72,NA,NA,NA
1,35,73,NA,NA,NA
1,35,74,NA,NA,NA
1,35,75,NA,NA,NA
1,35,76,NA,NA,NA
1,35,77,NA,NA,NA
1,35,78,NA,NA,NA
1,35,79,NA,NA,NA
1,35,80,NA,NA,NA
1,35,81,NA,NA,NA
1,35,82,NA,NA,NA
1,35,83,NA,NA,NA
1,35,84,NA,NA,NA
1,35,85,NA,NA,NA
1,35,86,NA,NA,NA
1,35,87,NA,NA,NA
1,35,88,NA,NA,NA
1,35,89,NA,NA,NA
1,35,90,NA,NA,NA
1,35,91,NA,NA,NA
1,35,92,NA,NA,NA
1,35,93,NA,NA,NA
1,35,94,NA,NA,NA
1,35,95,NA,NA,NA
1,35,96,NA,NA,NA
1,35,97,NA,NA,NA
1,35,98,NA,NA,NA
1,35,99,NA,NA,NA
1,35,100,NA,NA,NA
1,35,101,NA,NA,NA
1,36,1,20,20,NA
1,36,2,20,20,NA
1,36,3,22,19,NA
1,36,4,134,127,NA
1,36,5,110,141,NA
1,36,6,127,149,NA
1,36,7,112,65,NA
1,36,8,117,59,NA
1,36,9,64,116,0
1,36,10,34,79,10
1,36,11,9,9,111
1,36,12,0,1,326
1,36,13,NA,1,259
1,36,14,NA,0,34
1,36,15,NA,NA,4
1,36,16,NA,NA,0
1,36,17,NA,NA,3
1,36,18,NA,NA,5
1,36,19,NA,NA,0
1,36,20,NA,NA,NA
1,36,21,NA,NA,NA
1,36,22,NA,NA,NA
1,36,23,NA,NA,NA
1,36,24,NA,NA,NA
1,36,25,NA,NA,NA
1,36,26,NA,NA,NA
1,36,27,NA,NA,NA
1,36,28,NA,NA,NA
1,36,29,NA,NA,NA
1,36,30,NA,NA,NA
1,36,31,NA,NA,NA
1,36,32,NA,NA,NA
1,36,33,NA,NA,NA
1,36,34,NA,NA,NA
1,36,35,NA,NA,NA
1,36,36,NA,NA,NA
1,36,37,NA,NA,NA
1,36,38,NA,NA,NA
1,36,39,NA,NA,NA
1,36,40,NA,NA,NA
1,36,41,NA,NA,NA
1,36,42,NA,NA,NA
1,36,43,NA,NA,NA
1,36,44,NA,NA,NA
1,36,45,NA,NA,NA
1,36,46,NA,NA,NA
1,36,47,NA,NA,NA
1,36,48,NA,NA,NA
1,36,49,NA,NA,NA
1,36,50,NA,NA,NA
1,36,51,NA,NA,NA
1,36,52,NA,NA,NA
1,36,53,NA,NA,NA
1,36,54,NA,NA,NA
1,36,55,NA,NA,NA
1,36,56,NA,NA,NA
1,36,57,NA,NA,NA
1,36,58,NA,NA,NA
1,36,59,NA,NA,NA
1,36,60,NA,NA,NA
1,36,61,NA,NA,NA
1,36,62,NA,NA,NA
1,36,63,NA,NA,NA
1,36,64,NA,NA,NA
1,36,65,NA,NA,NA
1,36,66,NA,NA,NA
1,36,67,NA,NA,NA
1,36,68,NA,NA,NA
1,36,69,NA,NA,NA
1,36,70,NA,NA,NA
1,36,71,NA,NA,NA
1,36,72,NA,NA,NA
1,36,73,NA,NA,NA
1,36,74,NA,NA,NA
1,36,75,NA,NA,NA
1,36,76,NA,NA,NA
1,36,77,NA,NA,NA
1,36,78,NA,NA,NA
1,36,79,NA,NA,NA
1,36,80,NA,NA,NA
1,36,81,NA,NA,NA
1,36,82,NA,NA,NA
1,36,83,NA,NA,NA
1,36,84,NA,NA,NA
1,36,85,NA,NA,NA
1,36,86,NA,NA,NA
1,36,87,NA,NA,NA
1,36,88,NA,NA,NA
1,36,89,NA,NA,NA
1,36,90,NA,NA,NA
1,36,91,NA,NA,NA
1,36,92,NA,NA,NA
1,36,93,NA,NA,NA
1,36,94,NA,NA,NA
1,36,95,NA,NA,NA
1,36,96,NA,NA,NA
1,36,97,NA,NA,NA
1,36,98,NA,NA,NA
1,36,99,NA,NA,NA
1,36,100,NA,NA,NA
1,36,101,NA,NA,NA
1,37,1,20,20,NA
1,37,2,19,20,NA
1,37,3,20,20,NA
1,37,4,142,132,NA
1,37,5,137,120,NA
1,37,6,97,152,NA
1,37,7,102,82,NA
1,37,8,76,70,NA
1,37,9,69,77,0
1,37,10,25,94,12
1,37,11,4,3,175
1,37,12,1,0,334
1,37,13,0,NA,268
1,37,14,NA,NA,41
1,37,15,NA,NA,14
1,37,16,NA,NA,1
1,37,17,NA,NA,0
1,37,18,NA,NA,NA
1,37,19,NA,NA,NA
1,37,20,NA,NA,NA
1,37,21,NA,NA,NA
1,37,22,NA,NA,NA
1,37,23,NA,NA,NA
1,37,24,NA,NA,NA
1,37,25,NA,NA,NA
1,37,26,NA,NA,NA
1,37,27,NA,NA,NA
1,37,28,NA,NA,NA
1,37,29,NA,NA,NA
1,37,30,NA,NA,NA
1,37,31,NA,NA,NA
1,37,32,NA,NA,NA
1,37,33,NA,NA,NA
1,37,34,NA,NA,NA
1,37,35,NA,NA,NA
1,37,36,NA,NA,NA
1,37,37,NA,NA,NA
1,37,38,NA,NA,NA
1,37,39,NA,NA,NA
1,37,40,NA,NA,NA
1,37,41,NA,NA,NA
1,37,42,NA,NA,NA
1,37,43,NA,NA,NA
1,37,44,NA,NA,NA
1,37,45,NA,NA,NA
1,37,46,NA,NA,NA
1,37,47,NA,NA,NA
1,37,48,NA,NA,NA
1,37,49,NA,NA,NA
1,37,50,NA,NA,NA
1,37,51,NA,NA,NA
1,37,52,NA,NA,NA
1,37,53,NA,NA,NA
1,37,54,NA,NA,NA
1,37,55,NA,NA,NA
1,37,56,NA,NA,NA
1,37,57,NA,NA,NA
1,37,58,NA,NA,NA
1,37,59,NA,NA,NA
1,37,60,NA,NA,NA
1,37,61,NA,NA,NA
1,37,62,NA,NA,NA
1,37,63,NA,NA,NA
1,37,64,NA,NA,NA
1,37,65,NA,NA,NA
1,37,66,NA,NA,NA
1,37,67,NA,NA,NA
1,37,68,NA,NA,NA
1,37,69,NA,NA,NA
1,37,70,NA,NA,NA
1,37,71,NA,NA,NA
1,37,72,NA,NA,NA
1,37,73,NA,NA,NA
1,37,74,NA,NA,NA
1,37,75,NA,NA,NA
1,37,76,NA,NA,NA
1,37,77,NA,NA,NA
1,37,78,NA,NA,NA
1,37,79,NA,NA,NA
1,37,80,NA,NA,NA
1,37,81,NA,NA,NA
1,37,82,NA,NA,NA
1,37,83,NA,NA,NA
1,37,84,NA,NA,NA
1,37,85,NA,NA,NA
1,37,86,NA,NA,NA
1,37,87,NA,NA,NA
1,37,88,NA,NA,NA
1,37,89,NA,NA,NA
1,37,90,NA,NA,NA
1,37,91,NA,NA,NA
1,37,92,NA,NA,NA
1,37,93,NA,NA,NA
1,37,94,NA,NA,NA
1,37,95,NA,NA,NA
1,37,96,NA,NA,NA
1,37,97,NA,NA,NA
1,37,98,NA,NA,NA
1,37,99,NA,NA,NA
1,37,100,NA,NA,NA
1,37,101,NA,NA,NA
1,38,1,20,20,NA
1,38,2,20,20,NA
1,38,3,35,23,NA
1,38,4,105,104,NA
1,38,5,84,146,NA
1,38,6,84,104,NA
1,38,7,77,67,NA
1,38,8,37,70,NA
1,38,9,56,87,0
1,38,10,39,63,11
1,38,11,3,3,282
1,38,12,0,1,314
1,38,13,NA,0,0
1,38,14,NA,NA,NA
1,38,15,NA,NA,NA
1,38,16,NA,NA,NA
1,38,17,NA,NA,NA
1,38,18,NA,NA,NA
1,38,19,NA,NA,NA
1,38,20,NA,NA,NA
1,38,21,NA,NA,NA
1,38,22,NA,NA,NA
1,38,23,NA,NA,NA
1,38,24,NA,NA,NA
1,38,25,NA,NA,NA
1,38,26,NA,NA,NA
1,38,27,NA,NA,NA
1,38,28,NA,NA,NA
1,38,29,NA,NA,NA
1,38,30,NA,NA,NA
1,38,31,NA,NA,NA
1,38,32,NA,NA,NA
1,38,33,NA,NA,NA
1,38,34,NA,NA,NA
1,38,35,NA,NA,NA
1,38,36,NA,NA,NA
1,38,37,NA,NA,NA
1,38,38,NA,NA,NA
1,38,39,NA,NA,NA
1,38,40,NA,NA,NA
1,38,41,NA,NA,NA
1,38,42,NA,NA,NA
1,38,43,NA,NA,NA
1,38,44,NA,NA,NA
1,38,45,NA,NA,NA
1,38,46,NA,NA,NA
1,38,47,NA,NA,NA
1,38,48,NA,NA,NA
1,38,49,NA,NA,NA
1,38,50,NA,NA,NA
1,38,51,NA,NA,NA
1,38,52,NA,NA,NA
1,38,53,NA,NA,NA
1,38,54,NA,NA,NA
1,38,55,NA,NA,NA
1,38,56,NA,NA,NA
1,38,57,NA,NA,NA
1,38,58,NA,NA,NA
1,38,59,NA,NA,NA
1,38,60,NA,NA,NA
1,38,61,NA,NA,NA
1,38,62,NA,NA,NA
1,38,63,NA,NA,NA
1,38,64,NA,NA,NA
1,38,65,NA,NA,NA
1,38,66,NA,NA,NA
1,38,67,NA,NA,NA
1,38,68,NA,NA,NA
1,38,69,NA,NA,NA
1,38,70,NA,NA,NA
1,38,71,NA,NA,NA
1,38,72,NA,NA,NA
1,38,73,NA,NA,NA
1,38,74,NA,NA,NA
1,38,75,NA,NA,NA
1,38,76,NA,NA,NA
1,38,77,NA,NA,NA
1,38,78,NA,NA,NA
1,38,79,NA,NA,NA
1,38,80,NA,NA,NA
1,38,81,NA,NA,NA
1,38,82,NA,NA,NA
1,38,83,NA,NA,NA
1,38,84,NA,NA,NA
1,38,85,NA,NA,NA
1,38,86,NA,NA,NA
1,38,87,NA,NA,NA
1,38,88,NA,NA,NA
1,38,89,NA,NA,NA
1,38,90,NA,NA,NA
1,38,91,NA,NA,NA
1,38,92,NA,NA,NA
1,38,93,NA,NA,NA
1,38,94,NA,NA,NA
1,38,95,NA,NA,NA
1,38,96,NA,NA,NA
1,38,97,NA,NA,NA
1,38,98,NA,NA,NA
1,38,99,NA,NA,NA
1,38,100,NA,NA,NA
1,38,101,NA,NA,NA
1,39,1,20,20,NA
1,39,2,20,19,NA
1,39,3,35,19,NA
1,39,4,105,103,NA
1,39,5,66,163,0
1,39,6,41,126,8
1,39,7,16,2,284
1,39,8,0,1,385
1,39,9,2,0,277
1,39,10,0,NA,104
1,39,11,NA,NA,37
1,39,12,NA,NA,10
1,39,13,NA,NA,0
1,39,14,NA,NA,NA
1,39,15,NA,NA,NA
1,39,16,NA,NA,NA
1,39,17,NA,NA,NA
1,39,18,NA,NA,NA
1,39,19,NA,NA,NA
1,39,20,NA,NA,NA
1,39,21,NA,NA,NA
1,39,22,NA,NA,NA
1,39,23,NA,NA,NA
1,39,24,NA,NA,NA
1,39,25,NA,NA,NA
1,39,26,NA,NA,NA
1,39,27,NA,NA,NA
1,39,28,NA,NA,NA
1,39,29,NA,NA,NA
1,39,30,NA,NA,NA
1,39,31,NA,NA,NA
1,39,32,NA,NA,NA
1,39,33,NA,NA,NA
1,39,34,NA,NA,NA
1,39,35,NA,NA,NA
1,39,36,NA,NA,NA
1,39,37,NA,NA,NA
1,39,38,NA,NA,NA
1,39,39,NA,NA,NA
1,39,40,NA,NA,NA
1,39,41,NA,NA,NA
1,39,42,NA,NA,NA
1,39,43,NA,NA,NA
1,39,44,NA,NA,NA
1,39,45,NA,NA,NA
1,39,46,NA,NA,NA
1,39,47,NA,NA,NA
1,39,48,NA,NA,NA
1,39,49,NA,NA,NA
1,39,50,NA,NA,NA
1,39,51,NA,NA,NA
1,39,52,NA,NA,NA
1,39,53,NA,NA,NA
1,39,54,NA,NA,NA
1,39,55,NA,NA,NA
1,39,56,NA,NA,NA
1,39,57,NA,NA,NA
1,39,58,NA,NA,NA
1,39,59,NA,NA,NA
1,39,60,NA,NA,NA
1,39,61,NA,NA,NA
1,39,62,NA,NA,NA
1,39,63,NA,NA,NA
1,39,64,NA,NA,NA
1,39,65,NA,NA,NA
1,39,66,NA,NA,NA
1,39,67,NA,NA,NA
1,39,68,NA,NA,NA
1,39,69,NA,NA,NA
1,39,70,NA,NA,NA
1,39,71,NA,NA,NA
1,39,72,NA,NA,NA
1,39,73,NA,NA,NA
1,39,74,NA,NA,NA
1,39,75,NA,NA,NA
1,39,76,NA,NA,NA
1,39,77,NA,NA,NA
1,39,78,NA,NA,NA
1,39,79,NA,NA,NA
1,39,80,NA,NA,NA
1,39,81,NA,NA,NA
1,39,82,NA,NA,NA
1,39,83,NA,NA,NA
1,39,84,NA,NA,NA
1,39,85,NA,NA,NA
1,39,86,NA,NA,NA
1,39,87,NA,NA,NA
1,39,88,NA,NA,NA
1,39,89,NA,NA,NA
1,39,90,NA,NA,NA
1,39,91,NA,NA,NA
1,39,92,NA,NA,NA
1,39,93,NA,NA,NA
1,39,94,NA,NA,NA
1,39,95,NA,NA,NA
1,39,96,NA,NA,NA
1,39,97,NA,NA,NA
1,39,98,NA,NA,NA
1,39,99,NA,NA,NA
1,39,100,NA,NA,NA
1,39,101,NA,NA,NA
1,40,1,20,20,NA
1,40,2,20,20,NA
1,40,3,50,21,NA
1,40,4,142,70,NA
1,40,5,107,136,0
1,40,6,31,133,11
1,40,7,39,0,264
1,40,8,1,1,383
1,40,9,1,0,199
1,40,10,2,1,81
1,40,11,0,0,43
1,40,12,NA,NA,0
1,40,13,NA,NA,NA
1,40,14,NA,NA,NA
1,40,15,NA,NA,NA
1,40,16,NA,NA,NA
1,40,17,NA,NA,NA
1,40,18,NA,NA,NA
1,40,19,NA,NA,NA
1,40,20,NA,NA,NA
1,40,21,NA,NA,NA
1,40,22,NA,NA,NA
1,40,23,NA,NA,NA
1,40,24,NA,NA,NA
1,40,25,NA,NA,NA
1,40,26,NA,NA,NA
1,40,27,NA,NA,NA
1,40,28,NA,NA,NA
1,40,29,NA,NA,NA
1,40,30,NA,NA,NA
1,40,31,NA,NA,NA
1,40,32,NA,NA,NA
1,40,33,NA,NA,NA
1,40,34,NA,NA,NA
1,40,35,NA,NA,NA
1,40,36,NA,NA,NA
1,40,37,NA,NA,NA
1,40,38,NA,NA,NA
1,40,39,NA,NA,NA
1,40,40,NA,NA,NA
1,40,41,NA,NA,NA
1,40,42,NA,NA,NA
1,40,43,NA,NA,NA
1,40,44,NA,NA,NA
1,40,45,NA,NA,NA
1,40,46,NA,NA,NA
1,40,47,NA,NA,NA
1,40,48,NA,NA,NA
1,40,49,NA,NA,NA
1,40,50,NA,NA,NA
1,40,51,NA,NA,NA
1,40,52,NA,NA,NA
1,40,53,NA,NA,NA
1,40,54,NA,NA,NA
1,40,55,NA,NA,NA
1,40,56,NA,NA,NA
1,40,57,NA,NA,NA
1,40,58,NA,NA,NA
1,40,59,NA,NA,NA
1,40,60,NA,NA,NA
1,40,61,NA,NA,NA
1,40,62,NA,NA,NA
1,40,63,NA,NA,NA
1,40,64,NA,NA,NA
1,40,65,NA,NA,NA
1,40,66,NA,NA,NA
1,40,67,NA,NA,NA
1,40,68,NA,NA,NA
1,40,69,NA,NA,NA
1,40,70,NA,NA,NA
1,40,71,NA,NA,NA
1,40,72,NA,NA,NA
1,40,73,NA,NA,NA
1,40,74,NA,NA,NA
1,40,75,NA,NA,NA
1,40,76,NA,NA,NA
1,40,77,NA,NA,NA
1,40,78,NA,NA,NA
1,40,79,NA,NA,NA
1,40,80,NA,NA,NA
1,40,81,NA,NA,NA
1,40,82,NA,NA,NA
1,40,83,NA,NA,NA
1,40,84,NA,NA,NA
1,40,85,NA,NA,NA
1,40,86,NA,NA,NA
1,40,87,NA,NA,NA
1,40,88,NA,NA,NA
1,40,89,NA,NA,NA
1,40,90,NA,NA,NA
1,40,91,NA,NA,NA
1,40,92,NA,NA,NA
1,40,93,NA,NA,NA
1,40,94,NA,NA,NA
1,40,95,NA,NA,NA
1,40,96,NA,NA,NA
1,40,97,NA,NA,NA
1,40,98,NA,NA,NA
1,40,99,NA,NA,NA
1,40,100,NA,NA,NA
1,40,101,NA,NA,NA
1,41,1,20,20,NA
1,41,2,20,20,NA
1,41,3,47,21,NA
1,41,4,128,102,NA
1,41,5,85,150,0
1,41,6,67,88,10
1,41,7,8,2,240
1,41,8,0,4,401
1,41,9,0,1,215
1,41,10,4,0,101
1,41,11,0,NA,37
1,41,12,NA,NA,20
1,41,13,NA,NA,6
1,41,14,NA,NA,5
1,41,15,NA,NA,0
1,41,16,NA,NA,NA
1,41,17,NA,NA,NA
1,41,18,NA,NA,NA
1,41,19,NA,NA,NA
1,41,20,NA,NA,NA
1,41,21,NA,NA,NA
1,41,22,NA,NA,NA
1,41,23,NA,NA,NA
1,41,24,NA,NA,NA
1,41,25,NA,NA,NA
1,41,26,NA,NA,NA
1,41,27,NA,NA,NA
1,41,28,NA,NA,NA
1,41,29,NA,NA,NA
1,41,30,NA,NA,NA
1,41,31,NA,NA,NA
1,41,32,NA,NA,NA
1,41,33,NA,NA,NA
1,41,34,NA,NA,NA
1,41,35,NA,NA,NA
1,41,36,NA,NA,NA
1,41,37,NA,NA,NA
1,41,38,NA,NA,NA
1,41,39,NA,NA,NA
1,41,40,NA,NA,NA
1,41,41,NA,NA,NA
1,41,42,NA,NA,NA
1,41,43,NA,NA,NA
1,41,44,NA,NA,NA
1,41,45,NA,NA,NA
1,41,46,NA,NA,NA
1,41,47,NA,NA,NA
1,41,48,NA,NA,NA
1,41,49,NA,NA,NA
1,41,50,NA,NA,NA
1,41,51,NA,NA,NA
1,41,52,NA,NA,NA
1,41,53,NA,NA,NA
1,41,54,NA,NA,NA
1,41,55,NA,NA,NA
1,41,56,NA,NA,NA
1,41,57,NA,NA,NA
1,41,58,NA,NA,NA
1,41,59,NA,NA,NA
1,41,60,NA,NA,NA
1,41,61,NA,NA,NA
1,41,62,NA,NA,NA
1,41,63,NA,NA,NA
1,41,64,NA,NA,NA
1,41,65,NA,NA,NA
1,41,66,NA,NA,NA
1,41,67,NA,NA,NA
1,41,68,NA,NA,NA
1,41,69,NA,NA,NA
1,41,70,NA,NA,NA
1,41,71,NA,NA,NA
1,41,72,NA,NA,NA
1,41,73,NA,NA,NA
1,41,74,NA,NA,NA
1,41,75,NA,NA,NA
1,41,76,NA,NA,NA
1,41,77,NA,NA,NA
1,41,78,NA,NA,NA
1,41,79,NA,NA,NA
1,41,80,NA,NA,NA
1,41,81,NA,NA,NA
1,41,82,NA,NA,NA
1,41,83,NA,NA,NA
1,41,84,NA,NA,NA
1,41,85,NA,NA,NA
1,41,86,NA,NA,NA
1,41,87,NA,NA,NA
1,41,88,NA,NA,NA
1,41,89,NA,NA,NA
1,41,90,NA,NA,NA
1,41,91,NA,NA,NA
1,41,92,NA,NA,NA
1,41,93,NA,NA,NA
1,41,94,NA,NA,NA
1,41,95,NA,NA,NA
1,41,96,NA,NA,NA
1,41,97,NA,NA,NA
1,41,98,NA,NA,NA
1,41,99,NA,NA,NA
1,41,100,NA,NA,NA
1,41,101,NA,NA,NA